city,country,2017,2018,2019,2020,2021,2022,2023
Albury,Australia,7.3,7.3,11.0,17.3,11.3,6.9,6.9
Bathurst,Australia,6.1,7.0,13.1,8.7,10.3,4.6,4.6
Beresfield,Australia,7.6,8.7,13.6,10.6,10.2,5.4,5.4
Boat Creek,Australia,5.1,5.5,7.8,5.8,5.0,5.1,5.1
Bream Creak,Australia,2.5,4.4,4.3,4.0,3.0,3.3,3.3
Brisbane,Australia,6.4,7.2,8.1,6.7,5.5,3.5,3.5
Campbell Town,Australia,6.2,6.1,5.9,5.7,4.1,3.8,3.8
Cannon Hill,Australia,8.1,7.9,9.0,6.6,6.1,6.2,6.2
Churchill,Australia,7.0,6.4,9.5,11.4,7.0,4.5,4.5
Clinton,Australia,4.0,8.8,8.8,5.9,5.2,5.2,5.2
Cygnet,Australia,3.7,3.9,7.9,3.3,3.0,2.9,2.9
Deloraine,Australia,7.8,7.7,6.4,5.3,5.2,5.0,4.7
Devonport,Australia,5.4,5.3,5.5,5.8,4.3,4.2,4.1
Emu River,Australia,2.3,2.6,2.5,2.6,2.1,1.7,1.7
Exeter,Australia,3.0,3.2,3.6,3.7,2.7,2.7,2.6
Fingal,Australia,3.1,3.1,3.0,3.1,3.6,2.8,2.7
Geelong,Australia,7.0,6.8,6.9,6.9,5.9,4.4,4.4
Geeveston,Australia,8.3,7.9,11.8,7.7,6.4,6.9,6.7
George Town,Australia,4.1,4.4,4.1,4.3,3.3,2.4,2.3
Gladstone,Australia,7.2,5.9,7.0,6.2,5.0,3.2,3.2
Glenorchy,Australia,4.7,4.4,4.8,4.8,3.6,3.8,3.7
Gretna,Australia,3.1,3.1,4.7,3.1,2.6,2.8,2.7
Hadspen,Australia,9.8,10.2,9.3,8.7,6.5,6.0,5.8
Hobart,Australia,3.7,4.0,4.4,3.7,3.0,3.2,3.1
Huonville,Australia,5.9,6.1,7.5,6.1,4.6,4.8,4.7
Judbury,Australia,1.9,2.2,5.7,2.4,2.0,2.0,2.0
Kembla Grange,Australia,6.9,7.0,9.9,9.3,13.4,4.8,4.8
Launceston,Australia,7.0,5.3,5.2,6.7,4.6,5.3,5.1
Lilydale,Australia,5.0,4.8,4.8,5.2,4.2,3.8,3.7
Longford,Australia,10.7,11.6,9.5,9.7,6.8,7.8,7.4
Melbourne,Australia,5.4,5.8,6.5,8.3,5.6,4.8,4.8
Melton,Australia,3.5,4.7,6.4,9.5,6.0,5.8,5.8
Moe,Australia,6.5,6.4,8.6,9.6,7.1,4.7,4.6
Mornington,Australia,3.9,3.0,3.8,3.2,2.4,2.7,2.7
Morwell,Australia,6.7,6.5,7.6,9.3,6.3,4.3,4.3
Muswellbrook,Australia,9.4,9.5,13.5,10.1,13.4,6.6,6.7
New Norfolk,Australia,11.2,9.3,8.5,8.3,6.7,8.0,7.7
Newcastle,Australia,7.4,7.9,12.5,7.9,6.2,3.8,3.8
Oatlands,Australia,5.7,6.8,5.9,5.5,3.9,4.1,3.9
Perth,Australia,9.7,9.3,6.4,8.4,6.8,6.25,6.0
Rocklea,Australia,7.2,6.8,9.0,6.5,5.4,7.6,7.3
Scottsdale,Australia,8.1,7.1,6.4,7.3,4.6,4.2,4.1
Sheffield,Australia,3.6,4.7,5.1,5.5,3.8,3.8,3.7
Shellharbour,Australia,6.6,6.8,9.6,8.0,11.6,4.2,4.2
Singleton,Australia,8.1,8.1,12.5,9.2,12.6,6.0,6.0
Smithton,Australia,4.9,4.9,4.3,3.9,3.0,2.6,2.6
South Launceston,Australia,6.6,6.2,5.6,5.8,4.4,4.5,4.2
Springwood,Australia,5.5,6.3,6.9,5.9,5.4,5.8,5.8
St Helens,Australia,3.3,2.9,2.4,2.4,1.9,1.8,1.8
Sydney,Australia,7.1,7.6,10.1,7.2,5.3,3.1,3.1
Tamworth,Australia,7.8,8.5,15.2,9.1,12.7,5.4,5.4
Traralgon,Australia,8.5,8.0,9.2,8.5,7.4,6.7,6.6
Triabunna,Australia,8.2,8.4,4.8,4.8,4.0,4.5,4.5
Wagga Wagga,Australia,8.0,8.4,12.4,12.4,8.0,5.1,5.0
Wallsend,Australia,7.3,7.5,11.7,8.3,11.7,5.7,5.7
Wangaratta,Australia,9.5,7.3,7.9,13.0,5.3,4.8,4.8
West Ulverstone,Australia,3.7,4.0,3.7,3.8,2.9,2.6,2.6
Westbury,Australia,8.1,8.7,8.2,7.9,5.9,5.5,5.4
Wollongong,Australia,7.0,7.3,10.6,8.0,6.3,3.0,3.0
Wynnum,Australia,4.0,4.7,7.6,5.9,4.3,3.2,3.2
Wynyard,Australia,6.6,5.5,5.3,5.2,4.0,3.9,3.8
Wyong,Australia,5.8,6.7,12.1,7.8,11.6,4.9,5.0
Bad Ischl,Austria,8.7,10.4,8.5,7.8,7.8,7.4,7.3
Durnrohr,Austria,11.5,11.5,10.5,9.6,10.5,10.8,10.7
Ebensee,Austria,4.3,6.2,7.4,5.4,4.9,5.1,4.8
Eisenstadt,Austria,12.8,14.0,11.3,10.1,10.4,11.0,10.9
Enns,Austria,13.8,16.8,11.6,8.9,10.2,11.9,11.9
Glinzendorf,Austria,13.8,14.3,11.2,10.6,10.9,9.3,9.3
Haselbach,Austria,13.1,13.2,12.3,10.7,11.1,10.8,10.8
Illmitz,Austria,12.5,13.9,11.1,10.2,10.2,9.6,9.6
Linz,Austria,13.4,15.4,13.3,11.3,12.1,11.8,11.8
Reichraming,Austria,4.7,5.9,6.2,4.9,5.3,4.3,4.2
Schondorf,Austria,12.2,13.3,11.3,9.9,10.8,10.8,10.9
Schwechat,Austria,13.4,15.2,11.6,10.9,11.0,10.5,10.4
St. Polten,Austria,12.9,14.3,11.0,12.1,11.8,11.5,11.2
Steyr,Austria,12.3,13.3,11.0,9.4,10.0,9.9,9.8
Steyregg,Austria,14.6,13.7,12.3,11.3,11.7,11.4,11.3
Traun,Austria,14.6,14.9,12.9,11.9,12.0,12.0,12.0
Vienna,Austria,13.0,15.2,12.3,11.0,11.8,10.5,10.5
Voitsberg,Austria,12.6,14.7,10.6,11.2,11.6,11.2,11.0
Wels,Austria,13.5,15.3,12.2,11.1,10.9,10.5,10.5
Wiener Neudorf,Austria,12.4,14.0,11.5,11.0,11.6,10.1,10.0
Manama,Bahrain,62.5,59.8,46.8,39.7,49.8,66.6,67.1
Dhaka,Bangladesh,79.7,97.1,83.3,77.1,78.1,65.8,65.9
Aarschot,Belgium,12.7,13.7,11.6,10.1,12.1,10.5,10.5
Andenne,Belgium,9.7,11.7,10.3,6.2,8.7,7.5,7.5
Antwerpen,Belgium,14.0,14.4,12.9,10.7,12.7,11.4,11.3
Baelen,Belgium,8.4,8.6,8.9,5.3,7.6,5.5,5.7
Bertrix,Belgium,8.0,9.1,7.9,6.6,6.1,5.6,5.6
Beveren,Belgium,14.4,14.9,13.3,11.6,13.0,11.4,11.4
Boom,Belgium,12.6,13.2,11.5,10.5,11.9,11.2,11.0
Brussels,Belgium,14.9,14.1,14.1,9.3,11.0,10.6,10.5
Charleroi,Belgium,11.4,12.0,10.6,7.9,9.5,8.4,8.4
Chatelet,Belgium,10.6,11.7,11.2,7.3,9.8,8.4,8.4
Damme,Belgium,12.8,13.1,12.2,10.5,11.9,11.2,11.2
Dessel,Belgium,13.8,13.2,12.3,10.7,11.9,11.0,11.0
Destelbergen,Belgium,13.6,14.2,12.5,10.9,12.3,11.9,11.9
Engis,Belgium,12.7,11.9,12.2,7.4,9.4,7.8,7.7
Evergem,Belgium,14.2,15.3,14.2,13.0,14.4,13.9,13.8
Gent,Belgium,14.0,14.9,13.0,10.8,12.7,11.6,11.6
Habay,Belgium,7.8,8.4,8.2,5.2,5.0,5.5,5.4
Herstal,Belgium,10.1,11.0,10.4,7.1,8.8,8.0,8.0
Landen,Belgium,12.5,12.8,10.9,9.1,11.3,9.6,9.4
Liège,Belgium,10.0,10.8,9.2,6.5,8.7,7.7,7.7
Mons,Belgium,11.4,11.3,12.1,7.9,10.6,9.3,9.2
Oostrozebeke,Belgium,17.3,17.2,15.1,13.9,15.2,14.1,14.1
Roeselare,Belgium,14.1,15.3,13.3,12.1,13.3,14.0,13.9
Saint-Nicolas,Belgium,9.4,10.8,10.1,7.2,8.6,7.8,7.8
Sainte-Ode,Belgium,7.0,8.7,7.5,5.6,5.4,4.8,4.6
Schoten,Belgium,14.3,14.5,12.8,11.4,12.7,11.4,11.3
Seraing,Belgium,11.4,12.5,10.5,10.9,12.7,11.6,11.5
Somme-Leuze,Belgium,8.0,9.1,8.4,5.5,6.7,6.1,6.0
Stabroek,Belgium,13.6,13.6,11.7,11.9,12.9,11.8,11.8
Tournai,Belgium,10.9,11.1,11.0,7.2,8.9,8.8,8.6
Veurne,Belgium,11.7,12.8,11.3,9.8,10.8,10.5,10.5
Vielsalm,Belgium,5.6,7.3,6.4,4.2,5.0,4.8,4.6
Vilvoorde,Belgium,14.2,14.9,12.6,10.6,12.0,10.7,10.6
Viroinval,Belgium,7.6,8.9,8.5,4.8,6.7,5.2,5.2
Wielsbeke,Belgium,14.9,16.5,14.8,13.9,15.0,13.8,13.7
Zelzate,Belgium,15.0,15.6,14.7,11.9,12.8,11.9,12.2
Zwevegem,Belgium,13.9,15.4,13.3,11.7,14.0,12.2,12.1
Guarulhos,Brazil,17.3,21.6,18.7,16.4,16.1,15.0,15.0
Piracicaba,Brazil,12.5,13.6,13.4,13.7,13.3,11.6,11.3
Ribeirao Preto,Brazil,5.9,11.3,8.2,7.2,11.8,13.0,13.1
Santos,Brazil,15.9,14.8,15.4,13.7,12.0,12.1,12.1
Sao Paulo,Brazil,16.0,16.2,15.3,14.2,14.8,13.5,13.5
Ruse,Bulgaria,25.4,24.8,22.0,19.4,16.3,15.7,15.7
Sofia,Bulgaria,20.8,28.2,26.8,27.5,17.6,19.1,19.1
Phnom Penh,Cambodia,20.8,20.1,21.1,21.1,19.8,8.3,8.2
Abbotsford,Canada,6.1,7.2,7.5,7.8,6.6,7.1,7.0
Barrie,Canada,7.4,7.9,7.5,7.3,7.2,6.9,6.9
Bathurst,Canada,6.0,5.7,5.2,5.1,5.5,5.1,5.1
Beaverlodge,Canada,5.6,8.1,6.8,4.7,5.1,4.9,4.8
Belleville,Canada,6.1,6.4,6.3,6.5,6.1,5.6,5.6
Brampton,Canada,7.6,7.5,6.7,6.8,7.4,7.4,7.4
Brantford,Canada,7.4,7.8,7.1,7.1,8.0,7.4,7.4
Bruderheim,Canada,7.0,10.7,7.7,6.1,8.4,7.4,7.4
Burlington,Canada,7.4,7.5,6.8,7.4,9.6,8.4,8.4
Calgary,Canada,7.5,10.9,6.9,5.9,8.4,6.3,6.3
Charlottetown,Canada,9.9,9.7,8.1,6.4,4.7,4.3,4.2
Cornwall,Canada,6.2,6.4,5.8,6.2,6.9,6.7,6.6
Edmonton,Canada,8.2,10.5,7.4,6.5,9.5,8.7,8.6
Fort Chipewyan,Canada,3.6,4.9,5.6,3.8,4.4,4.9,4.9
Fort Saskatchewan,Canada,7.9,11.6,7.5,5.8,8.2,7.4,7.4
Gibsons,Canada,9.6,9.5,6.2,7.0,5.3,6.4,6.4
Guelph,Canada,7.3,8.1,7.1,7.3,8.0,7.3,7.3
Hamilton,Canada,8.3,8.9,10.1,9.4,11.0,8.3,8.3
Kingston,Canada,5.6,5.7,5.55,4.9,6.0,5.25,5.25
Kitchener,Canada,7.3,7.5,6.8,6.9,8.4,8.1,8.1
Kitimat,Canada,4.6,5.4,5.2,4.6,3.9,4.0,4.0
Lethbridge,Canada,7.7,9.9,6.5,6.8,7.6,7.3,7.2
London,Canada,7.1,7.3,6.4,6.7,10.3,8.2,8.2
Medicine Hat,Canada,5.9,7.1,5.0,5.2,6.6,5.1,5.1
Mississauga,Canada,7.2,7.4,6.9,6.9,9.7,8.3,8.3
Moncton,Canada,4.2,3.8,4.7,5.6,5.7,5.9,5.9
Montreal,Canada,6.8,7.0,10.0,9.5,10.4,7.9,7.9
Mount Pearl,Canada,5.0,5.4,4.5,5.2,4.9,4.6,4.6
Newmarket,Canada,6.4,6.4,6.3,6.2,6.6,6.4,6.4
North Bay,Canada,4.7,5.6,4.6,4.7,5.7,5.2,5.2
Oakville,Canada,7.3,7.5,6.9,6.3,7.2,6.8,6.8
Oshawa,Canada,6.6,6.6,6.2,6.5,6.5,6.0,6.0
Ottawa,Canada,6.0,6.0,7.3,7.3,8.2,6.8,6.8
Parry Sound,Canada,4.8,5.2,4.4,4.9,5.4,4.9,4.9
Peterborough,Canada,6.0,6.4,6.1,6.3,7.7,7.0,7.0
Port Hawkesbury,Canada,5.7,5.5,5.3,5.0,5.4,5.2,5.2
Powell River,Canada,3.6,4.6,4.9,4.9,4.2,4.0,4.0
Prince George,Canada,9.1,15.4,9.0,5.8,7.4,6.7,6.7
Quebec,Canada,9.0,8.9,8.3,9.9,8.5,6.2,6.2
Red Deer,Canada,7.0,9.7,6.3,4.8,6.1,5.9,5.7
Saint John,Canada,6.4,5.5,5.1,5.2,5.3,5.2,5.2
Sainte-Anne-de-Bellevue,Canada,6.3,6.3,8.2,8.5,9.2,7.1,7.2
Sarnia,Canada,7.2,7.5,7.2,7.2,7.9,7.4,7.4
Sault Ste. Marie,Canada,5.1,5.6,4.8,4.6,9.3,7.0,7.1
St. Catharines,Canada,7.3,7.1,6.9,6.6,7.0,5.8,5.8
Sydney,Canada,6.5,4.6,4.9,4.8,4.8,4.3,4.3
Thunder Bay,Canada,5.7,6.1,5.1,5.8,6.6,5.1,5.1
Tiverton,Canada,5.4,5.8,5.4,5.2,5.9,5.1,5.2
Tomahawk,Canada,5.8,8.8,5.8,4.7,6.5,6.3,6.3
Toronto,Canada,7.5,7.8,7.4,7.0,9.3,8.5,8.5
Vancouver,Canada,6.6,6.3,6.1,8.1,5.8,6.7,6.7
Victoria,Canada,7.4,9.1,7.1,6.2,5.6,6.6,6.6
Wellington,Canada,7.0,3.4,4.4,4.5,4.5,4.3,4.3
Windsor,Canada,8.0,8.6,8.2,8.1,9.0,8.5,8.5
Alto Hospicio,Chile,12.7,10.5,11.9,10.2,11.7,13.0,13.0
Antofagasta,Chile,10.6,9.1,12.2,9.4,10.7,10.6,10.6
Arica,Chile,12.0,12.5,10.8,11.8,11.5,11.9,11.8
Calama,Chile,9.8,13.9,6.4,6.6,6.5,6.8,6.8
Chiguayante,Chile,16.1,17.0,19.8,14.9,15.9,14.6,14.7
Chillan,Chile,27.7,21.5,20.4,16.0,22.7,19.1,19.1
Copiapo,Chile,16.7,13.8,12.4,11.5,12.0,10.1,10.0
Coquimbo,Chile,17.1,12.8,12.0,10.6,12.2,10.5,10.5
Coronel,Chile,22.9,19.0,11.8,20.7,33.3,24.7,24.6
Coyhaique,Chile,39.3,34.2,41.5,33.3,36.1,37.7,37.6
Curico,Chile,23.0,16.8,25.8,19.0,19.0,17.1,17.6
Huasco,Chile,12.3,11.5,10.3,10.3,11.5,9.3,9.3
La Serena,Chile,13.9,14.5,13.6,10.2,11.4,14.3,14.3
Linares,Chile,27.1,25.5,27.6,18.7,17.9,17.5,18.5
Los Angeles,Chile,24.1,21.6,21.7,17.0,17.3,16.0,16.1
Osorno,Chile,30.8,38.2,32.8,19.2,17.9,17.1,18.7
Padre las Casas,Chile,38.8,43.3,32.5,28.6,37.2,33.8,33.7
Puchuncavi,Chile,13.7,14.8,15.9,14.0,15.4,15.2,15.2
Puerto Montt,Chile,29.6,22.6,26.4,18.9,16.6,17.9,18.2
Punta Arenas,Chile,5.5,4.5,4.7,4.7,4.3,4.0,4.0
Rancagua,Chile,23.3,22.9,26.9,23.8,25.4,25.4,25.4
Rengo,Chile,16.3,18.9,24.1,18.8,16.8,18.8,19.1
San Fernando,Chile,18.1,15.3,21.0,17.7,21.5,20.5,20.7
Santiago,Chile,23.1,29.4,27.7,23.6,25.8,25.8,25.8
Talca,Chile,14.3,13.7,17.6,14.6,17.2,15.9,15.9
Talcahuano,Chile,21.3,15.7,21.4,19.0,20.1,19.6,19.5
Temuco,Chile,28.7,30.4,20.2,20.6,32.7,26.3,26.2
Tome,Chile,14.8,20.9,15.7,11.5,13.8,13.2,13.3
Valdivia,Chile,33.5,33.3,14.5,13.5,12.7,14.9,14.8
Valparaiso,Chile,13.8,13.4,14.4,12.9,14.2,17.7,17.6
Vina del Mar,Chile,9.6,11.9,13.8,12.1,14.3,16.2,16.1
Aba,China,9.1,11.3,14.7,14.3,15.0,11.8,11.8
Aksu,China,69.8,74.1,54.0,58.4,51.2,55.5,55.5
Altay,China,12.6,9.3,9.9,11.1,9.9,8.5,8.5
Alxa League,China,33.9,35.4,25.9,24.9,28.2,25.6,25.5
Ankang,China,38.0,36.3,34.0,25.6,23.6,24.4,24.4
Anqing,China,56.6,45.4,45.5,34.9,32.7,34.2,33.8
Anshan,China,43.8,34.9,39.2,40.7,36.2,30.0,30.0
Anshun,China,23.6,26.0,22.5,21.6,23.6,21.3,21.3
Anyang,China,81.1,72.9,70.3,61.5,50.8,51.0,50.9
Baicheng,China,31.6,28.3,26.5,24.2,24.0,21.1,21.2
Baise,China,42.3,35.7,29.3,27.4,29.4,28.2,28.2
Baishan,China,44.1,31.5,29.8,27.7,25.8,23.1,23.2
Baiyin,China,37.3,37.7,31.1,28.7,31.8,29.2,29.1
Baoding,China,92.7,70.7,57.7,52.2,45.4,42.4,42.4
Baoji,China,54.8,49.9,49.8,43.8,38.0,42.2,42.4
Baoshan,China,24.4,21.7,20.5,19.0,24.3,13.0,13.0
Baotou,China,43.3,36.8,36.1,41.4,35.1,27.0,26.9
Bayan Nur,China,34.2,33.5,32.2,34.2,27.1,30.4,30.3
Bazhong,China,32.0,30.8,30.3,26.8,27.3,26.9,26.9
Beihai,China,28.5,27.6,26.9,23.1,24.5,23.1,23.0
Beijing,China,58.8,50.9,42.1,37.5,34.4,29.8,29.8
Bengbu,China,59.3,52.8,51.3,44.5,39.3,38.0,38.0
Benxi,China,38.3,31.6,35.1,33.8,28.8,28.1,28.2
Bijie,China,32.7,32.0,26.4,24.0,24.1,23.3,23.3
Binzhou,China,66.8,55.8,53.6,49.0,42.6,38.9,39.0
Bortala,China,32.6,27.9,22.7,22.3,22.8,26.1,26.2
Bozhou,China,63.3,57.5,54.0,48.3,39.5,41.2,41.2
Cangzhou,China,88.7,65.2,53.0,52.0,42.1,35.7,35.7
Changchun,China,44.5,32.2,36.7,40.4,31.2,28.0,28.1
Changde,China,51.5,42.3,47.5,40.7,40.0,39.0,39.2
Changji,China,57.6,55.0,48.2,53.5,49.8,51.5,52.1
Changsha,China,51.4,45.8,46.8,41.0,43.0,37.1,37.1
Changzhi,China,62.3,53.2,47.5,45.5,39.2,37.9,37.8
Changzhou,China,46.8,50.3,44.7,38.7,36.0,33.1,33.1
Changzhou Qu,China,45.4,40.9,33.4,30.5,30.1,29.1,29.1
Chaoyang,China,40.6,38.2,36.0,35.6,31.8,26.4,26.4
Chaozhou,China,29.9,28.3,28.5,24.3,23.7,20.6,20.5
Chengde,China,55.0,39.6,30.0,28.6,29.4,23.2,23.2
Chengdu,China,55.4,48.8,42.4,40.5,40.3,38.3,38.3
Chenzhou,China,36.5,28.9,30.2,27.9,27.3,24.6,24.7
Chifeng,China,31.3,28.4,21.7,19.8,18.5,15.4,15.4
Chizhou,China,60.4,43.7,42.4,33.6,30.6,32.8,32.8
Chongqing,China,43.9,37.3,37.1,31.7,31.0,26.0,26.0
Chongzuo,China,32.1,30.8,29.1,25.6,30.4,25.0,25.0
Chuxiong,China,22.5,24.3,20.9,17.8,20.8,18.3,18.2
Chuzhou,China,55.2,49.7,48.4,39.3,33.8,30.8,30.8
Da hinggan Ling,China,17.8,17.8,19.9,14.3,14.0,12.6,12.7
Dali,China,23.3,16.0,16.8,15.6,17.1,12.5,12.5
Dalian,China,32.9,29.3,34.3,30.2,27.7,23.6,23.6
Dandong,China,34.6,29.1,32.0,28.7,27.9,23.2,23.3
Daqing,China,32.8,26.5,27.2,26.6,24.9,23.9,24.0
Datong,China,38.4,36.6,32.3,31.2,35.1,32.25,32.25
Dazhou,China,48.6,44.7,45.3,37.6,37.4,30.2,30.2
Dehong,China,29.7,33.7,23.2,19.1,25.7,23.5,23.6
Deyang,China,51.2,41.1,39.9,37.1,37.7,35.0,35.0
Dezhou,China,68.5,54.8,53.4,50.1,44.1,40.7,40.7
Dingxi,China,39.2,40.3,27.4,25.7,25.8,29.8,29.8
Diqingzhou,China,11.4,11.4,12.0,13.5,15.3,13.1,13.0
Dongguan,China,35.9,34.9,31.5,23.7,22.6,20.0,19.9
Dongying,China,57.9,47.4,48.6,45.7,38.4,33.1,33.2
Enshi,China,44.0,36.1,31.3,27.5,25.8,26.4,26.5
Ezhou,China,56.4,44.9,42.5,37.8,37.4,34.3,34.3
Fangchenggang,China,29.1,28.6,26.9,22.1,23.9,20.9,20.8
Foshan,China,38.1,33.1,29.4,22.2,23.6,21.5,21.4
Fushun,China,47.2,41.2,43.0,43.3,39.7,33.5,33.6
Fuxin,China,39.7,36.2,36.3,35.1,32.5,27.6,27.6
Fuyang,China,66.9,54.4,51.9,40.55,35.95,33.3,33.4
Fuzhou,China,36.75,29.7,28.0,23.3,21.75,18.450000000000003,18.4
Gannan,China,35.7,30.3,22.5,19.5,15.9,20.0,20.0
Ganzhou,China,46.6,37.7,28.4,25.2,22.2,18.9,18.8
Ganzizhou,China,15.6,17.9,11.5,8.7,7.7,8.4,8.4
Golog,China,27.1,21.2,19.1,13.8,14.5,15.7,15.7
Guangyuan,China,21.7,26.1,27.3,24.8,23.4,23.4,23.4
Guangzhou,China,33.9,33.2,28.9,22.6,24.4,21.3,21.3
Guigang,China,41.1,38.7,33.9,28.5,29.9,27.0,26.9
Guilin,China,42.2,36.4,32.9,28.3,28.6,26.2,26.2
Guiyang,China,31.5,30.3,26.5,22.8,23.8,21.0,21.0
Guyuan,China,32.7,33.4,25.7,24.9,25.2,26.4,26.4
Haibei,China,28.0,25.1,19.4,18.9,20.0,19.5,19.6
Haikou,China,19.5,17.1,16.3,14.1,18.8,17.25,17.3
Hainan,China,26.6,24.3,20.4,20.3,20.3,19.5,19.5
Haixi,China,24.3,22.4,15.5,14.6,17.7,19.2,19.2
Handan,China,96.7,74.0,64.3,58.9,45.6,46.5,46.4
Hangzhou,China,43.6,38.1,37.4,29.0,27.4,29.0,29.1
Hanzhong,China,50.0,45.1,39.2,28.7,28.1,27.5,27.6
Harbin,China,54.2,36.4,39.1,43.6,33.7,33.9,34.2
Hebi,China,64.4,55.8,62.1,58.9,51.4,52.2,52.2
Hechi,China,33.0,28.9,26.3,24.2,25.0,22.6,22.6
Hefei,China,54.7,47.2,43.8,36.0,32.6,32.4,32.4
Hegang,China,30.0,23.2,21.5,22.0,21.3,17.3,17.4
Heihe,China,21.3,18.0,14.8,16.4,14.6,13.4,13.3
Hengshui,China,93.3,65.7,56.0,52.4,42.6,40.1,40.1
Hengyang,China,47.8,41.3,42.1,35.3,35.9,31.5,31.6
Heyuan,China,31.2,29.2,24.5,21.7,20.8,17.4,17.3
Heze,China,70.0,60.1,59.7,54.2,48.5,47.2,47.2
Hezhou,China,42.1,36.9,30.7,27.6,26.4,25.7,25.6
Hinggan,China,18.0,19.6,24.1,23.3,21.4,23.4,23.4
Hohhot,China,41.2,35.3,36.4,39.4,30.8,23.7,23.7
Honghe,China,33.2,25.0,26.2,25.7,27.0,23.1,22.8
Hotan,China,91.9,116.0,110.1,110.2,101.5,94.3,95.0
Huaibei,China,66.2,58.2,55.1,49.8,42.2,42.9,42.9
Huaihua,China,38.1,33.1,35.4,27.8,27.4,27.8,27.9
Huainan,China,61.6,54.8,52.5,47.4,42.2,40.8,40.2
Huanggang,China,48.9,40.8,41.0,35.8,24.05,23.75,23.8
Huangnan,China,32.9,29.2,22.6,23.6,25.0,28.0,28.1
Huangshan,China,25.2,23.4,24.0,21.0,21.1,20.8,20.7
Huangshi,China,55.2,41.7,40.6,35.0,33.0,32.1,32.1
Huizhou,China,29.1,27.0,25.1,20.2,20.0,17.1,17.1
Huludao,China,44.6,41.0,45.5,41.7,36.8,32.2,32.2
Hulunbeir,China,22.9,16.7,17.4,17.2,15.5,17.5,17.5
Huzhou,China,41.1,35.1,32.2,26.2,25.3,29.2,29.2
Ili,China,49.6,47.1,41.5,43.6,35.7,36.1,36.1
Jiamusi,China,36.6,28.4,27.1,27.1,27.2,24.5,24.7
Jian,China,52.0,39.1,34.4,28.3,25.5,22.0,22.0
Jiangmen,China,37.0,30.2,27.0,21.3,22.2,19.9,19.9
Jiangyin,China,55.1,48.8,41.8,36.8,33.9,36.7,33.6
Jiaonan,China,40.1,33.6,39.5,34.1,29.4,26.0,26.1
Jiaozuo,China,74.8,66.9,61.3,56.2,47.1,49.5,49.4
Jiaxing,China,41.5,38.1,35.0,27.7,26.5,26.2,26.3
Jiayuguan,China,23.0,28.1,26.5,29.5,29.3,28.3,28.2
Jieyang,China,33.4,34.1,30.6,27.8,27.6,23.7,23.7
Jilin,China,46.6,32.4,34.4,35.9,29.2,26.7,26.8
Jimo,China,41.7,32.8,44.0,38.6,34.8,28.5,28.6
Jinan,China,63.7,52.9,54.4,49.0,42.0,36.2,36.2
Jinchang,China,27.1,25.2,20.8,21.2,31.0,38.4,38.3
Jincheng,China,63.4,59.8,54.1,46.2,35.7,38.0,37.9
Jingdezhen,China,37.8,28.8,26.7,24.3,22.7,19.2,19.1
Jingmen,China,49.5,56.2,56.4,45.3,45.6,44.8,44.9
Jingzhou,China,55.7,47.7,45.3,36.1,35.0,42.7,42.7
Jinhua,China,41.5,33.3,32.4,27.9,25.6,24.5,24.5
Jining,China,56.2,50.1,56.6,53.4,36.45,31.35,31.35
Jinzhong,China,61.0,53.5,45.5,43.0,39.1,46.1,46.0
Jinzhou,China,46.8,44.4,45.3,46.9,41.6,36.2,36.3
Jiujiang,China,48.05,43.35,48.65,39.2,34.2,31.4,31.75
Jiuquan,China,34.5,33.3,27.6,30.1,31.0,30.9,30.8
Jixi,China,36.2,29.2,27.1,23.4,26.3,22.5,22.6
Jurong,China,47.5,50.7,43.8,37.3,34.6,33.5,33.7
Kaifeng,China,66.8,64.6,61.0,55.5,47.8,50.2,50.2
Karamay,China,31.3,25.2,23.4,25.2,22.9,26.1,26.3
Kashgar,China,97.5,95.7,87.1,81.0,83.2,73.4,73.3
Kizilsu,China,43.4,60.0,48.6,52.0,43.9,52.8,52.7
Korla,China,43.0,46.3,47.1,44.7,42.1,40.0,39.9
Kumul,China,31.9,28.5,29.8,29.3,28.2,26.7,26.7
Kunming,China,26.8,27.2,25.1,22.4,23.3,19.3,19.3
Langfang,China,78.5,55.8,47.1,43.3,40.1,34.1,34.1
Lanzhou,China,48.6,45.9,35.7,33.0,37.1,35.1,35.1
Lasa,China,16.9,14.6,10.5,10.6,9.0,7.1,7.1
Leshan,China,55.4,45.7,42.0,35.8,38.6,40.1,40.0
Liangshan,China,21.7,20.7,19.7,21.4,20.8,20.5,20.4
Lianyungang,China,45.0,43.4,42.1,36.1,32.2,29.1,29.1
Liaocheng,China,72.0,60.3,58.8,53.9,47.6,43.0,43.0
Liaoyang,China,45.9,37.6,40.3,40.5,36.6,33.4,33.4
Liaoyuan,China,48.5,35.6,37.6,38.9,32.6,30.8,30.8
Lijiang,China,13.8,15.6,10.5,11.7,12.0,14.1,14.0
Linan,China,41.2,35.9,36.1,29.2,26.4,26.1,26.3
Lincang,China,24.3,27.4,31.4,25.8,29.1,24.7,24.8
Linfen,China,80.6,68.2,61.7,52.5,55.5,49.1,49.0
Linxia,China,45.8,45.8,30.8,29.0,30.7,29.7,29.7
Linyi,China,56.4,50.2,57.7,48.4,44.7,39.1,39.2
Lishui,China,32.2,26.8,24.4,21.1,18.1,17.0,17.0
Liupanshui,China,38.9,32.3,23.4,21.1,24.1,22.3,22.3
Liuzhou,China,43.6,39.4,34.4,28.9,31.3,29.3,29.2
Longnan,China,28.8,29.6,18.6,15.9,15.6,20.3,20.2
Longyan,China,24.4,25.3,22.9,18.9,19.3,14.4,14.3
Loudi,China,38.6,30.6,38.2,32.1,34.8,34.0,34.1
Luan,China,46.7,44.9,41.9,37.0,32.6,33.6,33.6
Luohe,China,63.7,62.6,60.0,55.4,49.7,51.2,51.2
Luoyang,China,72.5,59.9,62.4,50.7,29.95,31.2,31.2
Luzhou,China,51.4,37.0,40.8,37.3,38.3,36.1,36.1
Lvliang,China,55.2,50.7,40.1,36.0,32.6,26.8,26.8
Maanshan,China,48.4,43.8,42.3,35.8,34.6,33.8,33.8
Maoming,China,29.7,25.7,25.0,20.7,21.6,19.2,19.1
Meishan,China,47.1,36.2,35.2,31.4,33.0,35.8,35.7
Meizhou,China,28.9,27.6,24.3,21.3,19.3,16.2,16.1
Mianyang,China,48.5,45.3,37.8,34.2,35.8,34.5,34.5
Mudanjiang,China,34.7,28.6,31.7,29.6,28.4,22.9,23.2
Nagqu,China,43.0,32.9,18.4,15.6,15.7,14.0,14.0
Nanchang,China,40.9,28.4,34.9,32.5,30.7,29.4,29.4
Nanchong,China,45.2,45.3,42.3,36.6,37.1,35.2,35.1
Nanjing,China,40.5,43.0,40.5,31.1,29.0,27.7,27.7
Nanning,China,34.4,32.4,30.2,26.0,28.1,25.3,25.3
Nanping,China,22.9,22.0,20.0,18.5,19.5,16.9,16.8
Nantong,China,38.5,40.5,37.7,33.5,30.6,25.4,25.4
Nanyang,China,57.1,60.6,60.0,51.4,47.1,47.2,46.8
Neijiang,China,47.6,36.8,35.2,34.1,35.9,31.7,31.6
Ngari,China,13.0,14.1,6.9,6.2,7.2,5.6,5.6
Ningbo,China,36.1,31.4,28.4,22.7,21.0,22.2,22.3
Ningde,China,26.3,24.4,23.6,21.5,19.6,15.3,15.3
Nujiang,China,19.7,24.4,24.9,22.5,25.4,20.1,19.8
Nyingchi,China,11.8,7.8,8.1,7.3,8.5,5.7,5.7
Ordos,China,25.3,25.7,23.4,24.5,27.1,21.3,21.2
Panjin,China,39.4,36.1,38.7,34.0,33.1,28.9,29.0
Panzhihua,China,32.7,33.1,29.1,28.8,30.5,26.5,26.4
Pingdingshan,China,67.3,65.1,60.1,51.2,47.1,49.4,49.4
Pingliang,China,31.8,36.9,24.8,21.8,19.6,29.2,29.2
Pingxiang,China,49.1,40.7,36.9,30.6,32.1,26.4,26.4
Putian,China,26.2,25.6,23.9,20.7,20.4,17.8,17.8
Puyang,China,68.8,63.5,63.4,59.3,37.05,37.5,36.0
Qamdo,China,18.0,17.5,11.6,11.1,9.1,8.8,8.9
Qiandongnan,China,30.6,27.6,25.8,23.8,22.5,20.8,20.8
Qiannan,China,24.3,22.5,19.2,17.6,18.1,16.7,16.7
Qianxinan,China,16.0,14.9,20.2,18.7,20.8,17.1,17.2
Qingdao,China,38.4,34.3,39.4,31.8,29.7,25.2,25.2
Qingyang,China,35.0,33.1,31.0,29.1,24.15,26.9,26.95
Qingyuan,China,29.8,32.6,29.9,26.4,23.0,20.5,20.4
Qinhuangdao,China,50.0,43.9,43.6,37.4,36.0,27.8,27.9
Qiqihar,China,35.6,26.2,27.2,26.9,20.0,20.8,21.0
Qitaihe,China,42.4,29.4,30.5,25.6,24.8,24.6,24.7
Qoqek,China,16.3,12.1,10.0,12.2,12.5,13.9,13.9
Quanzhou,China,26.2,25.1,24.5,20.0,20.6,17.8,17.8
Qujing,China,28.2,28.0,21.0,20.2,22.2,21.2,21.2
Quzhou,China,41.5,32.4,31.8,25.0,22.2,23.5,23.5
Rizhao,China,46.8,41.6,46.2,37.5,32.7,29.2,29.2
Sanmenxia,China,60.7,57.5,56.1,47.5,42.7,45.4,45.4
Sanming,China,25.9,24.7,23.6,21.6,20.6,14.3,14.3
Sanya,China,14.9,14.3,13.7,11.2,12.0,10.8,10.7
Shanghai,China,38.9,36.0,35.4,31.5,27.7,25.4,25.4
Shangluo,China,35.5,36.3,32.3,28.2,24.9,27.1,27.3
Shangqiu,China,61.8,61.9,72.6,52.7,45.8,46.4,46.4
Shangrao,China,43.5,33.9,31.4,27.6,26.4,23.5,23.5
Shannan,China,12.0,10.0,9.6,8.7,8.9,8.5,8.5
Shantou,China,27.7,24.7,22.4,18.4,19.2,16.6,16.5
Shanwei,China,26.3,22.2,21.3,17.5,18.2,15.3,15.3
Shaoguan,China,37.2,34.5,28.3,24.0,24.8,22.1,22.0
Shaoxing,China,44.3,40.5,38.1,28.5,27.7,30.0,30.1
Shaoyang,China,51.6,44.0,42.1,37.3,36.9,32.5,32.7
Shenyang,China,48.0,39.3,41.6,40.8,37.0,31.4,31.4
Shenzhen,China,27.1,24.2,23.4,19.0,17.9,15.7,15.7
Shigatse,China,12.5,14.6,10.7,9.0,9.3,9.0,9.0
Shihezi,China,60.6,61.3,63.3,57.5,55.7,57.3,57.9
Shijiazhuang,China,98.8,76.7,64.0,57.6,46.5,43.8,43.8
Shiyan,China,42.0,40.2,36.5,30.5,28.3,30.1,30.2
Shizuishan,China,45.5,40.4,34.5,36.1,35.7,33.6,33.5
Shuangyashan,China,38.9,26.6,28.5,25.8,25.3,23.6,23.8
Shuozhou,China,49.1,41.8,38.8,38.6,35.0,31.8,31.8
Siping,China,46.7,38.8,35.7,32.5,27.6,26.7,26.8
Songyuan,China,35.6,27.9,29.7,26.1,22.5,24.5,24.6
Suihua,China,35.4,35.4,37.1,39.1,32.7,36.4,36.9
Suining,China,38.7,35.3,31.0,28.4,30.0,29.6,29.6
Suizhou,China,50.5,44.0,41.9,37.0,36.9,35.0,34.9
Suqian,China,56.9,53.1,47.9,45.9,39.2,37.8,37.8
Suzhou,China,56.0,48.95,45.150000000000006,39.65,35.3,34.3,34.3
Taian,China,57.5,51.7,57.6,51.2,44.1,39.2,39.2
Taiyuan,China,63.7,55.9,53.4,52.1,46.3,43.9,43.8
Taizhou,China,41.8,38.0,35.75,30.55,27.45,26.1,26.1
Tangshan,China,84.7,63.5,52.6,46.8,43.2,33.1,33.1
Tianjin,China,63.2,52.3,51.3,48.9,39.9,36.2,36.3
Tianshui,China,36.5,37.3,27.0,22.7,20.8,26.4,26.5
Tieling,China,48.4,38.2,40.0,38.4,33.8,30.6,30.7
Tongchuan,China,50.5,46.3,44.6,38.6,34.0,36.3,36.4
Tonghua,China,35.2,28.4,29.4,27.3,24.0,21.9,22.0
Tongliao,China,34.3,31.9,32.3,28.8,23.5,26.5,26.4
Tongling,China,57.2,47.1,47.3,34.9,34.1,33.5,33.5
Tongren,China,23.0,22.3,31.0,25.5,23.4,22.0,22.0
Turpan,China,66.1,56.1,56.3,49.5,49.6,47.3,47.2
Ulanqab,China,26.6,25.5,24.6,20.3,20.6,21.2,21.1
Urumqi,China,76.0,59.2,54.5,51.2,45.4,43.3,43.8
Weifang,China,56.9,52.6,56.2,49.9,40.2,34.6,34.6
Weihai,China,28.6,26.6,31.4,26.0,25.3,21.1,21.2
Weinan,China,68.8,58.2,55.6,52.5,45.3,51.0,51.2
Wendeng,China,26.4,23.5,23.8,21.5,22.0,21.6,21.7
Wenshan,China,22.7,25.6,26.2,23.8,24.0,22.4,22.4
Wenzhou,China,36.8,29.5,27.8,24.8,22.5,20.8,20.8
Wuhai,China,43.7,40.5,31.3,33.7,30.4,30.2,30.2
Wuhan,China,51.0,46.9,44.4,36.5,46.7,45.9,46.0
Wuhu,China,48.2,48.8,44.4,35.9,34.0,34.4,34.5
Wujiaqu,China,74.1,67.8,53.9,40.6,41.7,53.3,53.8
Wuwei,China,43.8,42.2,33.1,37.6,40.2,37.9,37.8
Wuxi,China,45.1,42.8,39.9,34.0,32.6,27.85,27.9
Wuzhong,China,42.9,37.9,31.1,33.9,36.5,34.6,34.6
Wuzhou,China,39.2,34.5,28.7,25.2,25.5,26.5,26.4
Xiamen,China,25.8,23.5,23.8,17.9,19.9,17.2,17.2
Xian,China,70.2,59.9,56.6,49.3,41.1,48.6,48.8
Xiangtan,China,50.3,46.6,46.8,38.2,42.3,36.9,37.1
Xiangxi,China,35.4,32.6,28.8,23.4,22.6,23.2,23.3
Xiangyang,China,64.4,60.5,60.4,52.5,50.6,50.2,50.2
Xianning,China,46.5,36.7,35.1,29.1,26.8,27.0,27.0
Xianyang,China,77.8,67.8,63.7,50.5,45.7,50.8,50.9
Xiaogan,China,49.4,43.9,43.9,35.9,33.9,41.1,41.2
Xilin Gol,China,15.1,16.1,10.1,9.8,11.1,7.3,7.3
Xingbin Qu,China,48.1,39.5,35.2,30.4,34.0,30.1,30.1
Xingtai,China,103.7,76.7,63.5,55.9,44.0,43.0,43.0
Xining,China,38.0,41.7,33.3,33.0,32.2,29.3,29.4
Xinxiang,China,66.4,61.4,55.7,51.5,47.3,50.0,50.0
Xinyang,China,53.6,53.8,47.8,40.7,39.1,40.7,40.1
Xinyu,China,47.6,37.7,35.1,29.9,30.8,27.2,27.3
Xinzhou,China,62.6,51.4,41.7,44.4,44.9,36.9,36.9
Xishuangbanna,China,25.2,24.8,31.6,30.0,23.2,16.7,16.4
Xuancheng,China,49.1,43.2,41.7,32.7,30.2,32.0,31.7
Xuchang,China,63.2,64.2,60.6,53.6,45.1,46.9,46.9
Xuzhou,China,67.4,65.5,57.4,49.7,47.8,40.1,40.1
Ya'an,China,49.2,40.7,32.3,26.6,28.3,29.3,29.2
Yanan,China,39.2,35.0,31.3,29.5,28.7,26.8,26.9
Yanbian,China,29.1,25.7,24.5,19.7,19.8,16.8,16.9
Yancheng,China,43.8,43.2,40.5,32.5,28.9,26.4,26.4
Yangjiang,China,32.9,30.6,28.6,21.3,21.6,21.5,21.4
Yangquan,China,63.6,59.0,50.6,46.3,45.9,42.0,41.9
Yangzhou,China,54.1,48.2,43.0,35.6,34.2,32.1,32.1
Yantai,China,34.3,29.3,37.5,31.8,28.0,23.3,23.3
Yibin,China,55.4,49.3,45.9,38.8,43.3,41.7,41.7
Yichang,China,57.4,52.1,52.5,40.8,40.0,38.0,38.0
Yichun,China,36.15,29.200000000000003,27.15,24.4,24.3,22.9,23.0
Yinchuan,China,46.3,39.3,31.0,34.5,29.9,31.1,31.1
Yingkou,China,41.6,38.4,41.2,40.2,35.0,28.9,28.9
Yingtan,China,39.6,34.0,35.9,31.5,24.8,23.5,23.4
Yiwu,China,38.3,33.7,34.0,27.0,25.9,28.0,27.3
Yiyang,China,39.1,33.3,49.8,40.0,34.4,37.1,37.2
Yongzhou,China,43.7,46.1,38.4,32.9,32.9,32.1,32.3
Yueyang,China,47.9,43.4,42.6,36.6,35.7,33.6,33.8
Yulin,China,36.05,35.400000000000006,32.8,30.15,30.200000000000003,26.45,26.45
Yuncheng,China,71.9,59.8,61.2,57.7,48.4,50.2,50.3
Yunfu,China,36.0,31.2,28.0,20.9,22.4,20.4,20.4
Yushu,China,19.0,15.9,9.7,10.9,13.0,12.8,12.8
Yuxi,China,18.3,21.8,23.1,19.5,20.9,18.0,18.1
Zaozhuang,China,62.0,57.6,59.6,54.8,44.8,40.9,40.9
Zhangjiajie,China,38.7,29.6,28.7,22.6,24.4,25.8,26.0
Zhangjiakou,China,56.7,36.3,26.1,24.3,23.2,16.9,16.9
Zhangqiu,China,66.7,49.2,50.1,49.1,42.4,38.4,38.5
Zhangye,China,28.8,36.9,31.8,34.3,31.7,30.0,30.0
Zhangzhou,China,34.4,30.0,30.3,21.6,23.5,19.0,19.0
Zhanjiang,China,28.4,25.4,25.4,21.2,22.9,20.6,20.6
Zhaoqing,China,38.9,36.5,31.4,23.2,22.3,21.4,21.3
Zhaotong,China,31.2,20.8,19.0,20.2,22.3,20.1,20.0
Zhengzhou,China,70.0,64.1,58.4,50.9,43.4,45.8,45.9
Zhenjiang,China,53.9,53.2,45.0,37.7,37.7,35.1,35.1
Zhongshan,China,32.2,28.4,26.4,19.4,20.1,18.5,18.4
Zhongwei,China,36.6,36.9,31.5,33.3,37.1,34.8,34.8
Zhoukou,China,59.9,58.9,56.6,50.3,44.8,44.9,43.8
Zhoushan,China,23.9,21.3,19.8,16.4,14.7,14.4,14.4
Zhuhai,China,28.8,26.1,24.0,18.3,19.0,16.7,16.7
Zhumadian,China,57.9,60.4,52.1,45.9,42.9,44.0,43.4
Zhushan Qu,China,43.4,30.1,28.2,27.1,23.8,20.3,20.2
Zhuzhou,China,50.2,42.3,46.3,36.7,39.0,34.2,34.4
Zibo,China,63.1,55.9,57.7,53.9,49.2,42.7,42.7
Zigong,China,69.3,56.8,47.5,45.1,44.4,38.8,38.7
Ziyang,China,27.7,38.3,33.5,29.5,28.2,31.3,31.3
Zunyi,China,32.8,26.8,20.4,17.8,22.5,21.6,21.6
Bogota,Colombia,15.7,13.9,13.1,14.3,13.7,15.1,15.1
Ayia Marina,Cyprus,10.9,12.9,10.3,9.5,10.1,11.2,11.2
Larnaca,Cyprus,17.8,18.1,19.9,15.9,14.3,15.7,15.9
Nicosia,Cyprus,17.9,17.4,19.2,15.5,14.8,16.4,16.4
Zygi,Cyprus,15.4,14.3,14.4,12.5,12.8,11.9,11.9
Beroun,Czech Republic,18.8,22.5,15.6,14.0,15.3,14.2,14.2
Brno,Czech Republic,18.8,20.4,15.7,13.5,15.4,13.9,13.9
Budejovice,Czech Republic,17.1,16.9,12.7,11.0,10.7,11.1,11.1
Chystovice,Czech Republic,11.8,14.5,10.1,9.1,8.8,9.3,9.3
Decin,Czech Republic,23.0,23.1,17.8,16.4,17.1,16.0,16.0
Dolni Lutyne,Czech Republic,32.3,35.8,27.7,20.9,22.8,20.7,20.3
Frydek-Mistek,Czech Republic,25.0,26.9,17.6,16.2,17.8,17.2,17.2
Havirov,Czech Republic,26.7,28.8,20.3,18.0,19.6,18.3,18.3
Hradec Kralove,Czech Republic,19.0,19.7,14.8,13.7,14.5,13.3,13.2
Jihlava,Czech Republic,14.2,16.9,13.3,12.0,12.2,9.9,10.0
Kadan,Czech Republic,14.8,18.8,12.8,11.2,11.9,11.5,11.5
Kamenny Ujezd,Czech Republic,16.9,16.4,12.0,11.5,10.6,11.6,11.5
Karvina,Czech Republic,24.6,27.1,22.1,18.3,33.0,19.2,18.6
Kladno,Czech Republic,18.0,19.0,12.2,12.3,12.0,13.1,13.0
Kromeriz,Czech Republic,18.5,20.8,14.3,12.0,13.2,11.6,11.6
Liberec,Czech Republic,15.8,18.4,12.5,11.6,11.4,11.7,11.7
Marianske Radcice,Czech Republic,18.7,20.5,15.5,14.9,14.5,13.3,13.3
Mlada Boleslav,Czech Republic,15.9,19.1,15.6,13.0,13.4,13.1,13.1
Moravska Trebova,Czech Republic,18.9,23.0,18.9,16.2,17.0,15.8,15.7
Most,Czech Republic,18.3,21.7,15.1,13.8,14.1,12.9,12.9
Olomouc,Czech Republic,20.4,19.0,16.1,15.8,17.7,14.6,14.5
Opava,Czech Republic,22.7,24.5,16.9,14.9,15.8,15.2,15.1
Ostrava,Czech Republic,27.8,30.1,20.9,16.8,19.6,18.7,18.6
Pardubice,Czech Republic,18.3,19.4,14.7,12.5,13.8,12.8,12.7
Prague,Czech Republic,15.6,17.4,11.5,10.9,11.3,11.9,11.9
Prerov,Czech Republic,24.4,22.9,17.9,15.5,16.2,15.5,15.5
Rozdalovice,Czech Republic,18.6,19.2,13.0,13.6,13.4,12.7,12.7
Sedlec,Czech Republic,16.2,18.6,12.6,10.3,10.5,10.5,10.5
Sokolov,Czech Republic,13.1,15.1,9.4,8.9,8.6,9.0,9.0
Studenka,Czech Republic,24.3,25.4,18.0,16.2,17.2,15.8,15.7
Teplice,Czech Republic,18.8,19.1,14.2,13.4,13.3,13.3,13.3
Tesin,Czech Republic,27.2,29.6,20.0,17.9,19.5,17.6,17.6
Trinec,Czech Republic,26.7,26.5,18.2,15.1,18.2,17.5,17.4
Usti nad Labem,Czech Republic,17.0,18.3,14.1,12.0,12.9,13.8,13.7
Valasske Mezirici,Czech Republic,24.9,24.8,17.2,15.0,17.4,15.4,15.4
Zlin,Czech Republic,21.3,21.7,16.5,13.0,14.7,15.7,15.3
Znojmo,Czech Republic,17.4,19.7,14.2,11.9,11.8,12.2,12.2
Kohtla-Jaerve,Estonia,4.1,8.3,10.4,4.3,5.4,4.6,4.6
Narva,Estonia,4.3,6.1,5.2,4.4,5.3,4.8,4.8
Palmse,Estonia,4.0,8.0,6.3,6.8,5.6,6.5,6.4
Tallinn,Estonia,4.9,7.1,5.5,6.2,5.9,4.8,4.8
Vilsandi,Estonia,3.4,6.0,5.7,5.1,4.1,4.0,4.0
Voore,Estonia,3.8,7.1,5.0,4.6,4.9,3.6,3.6
Addis Ababa,Ethiopia,26.9,27.1,20.1,14.7,23.9,31.3,31.2
Espoo,Finland,5.2,6.6,5.8,5.2,5.3,4.7,4.7
Helsinki,Finland,5.4,7.2,6.0,5.2,5.9,5.5,5.5
Kuopio,Finland,3.1,3.9,4.3,4.3,4.8,4.5,4.4
Lansi-Turunmaa,Finland,4.1,5.8,5.7,5.5,4.9,3.9,4.0
Lappeenranta,Finland,6.0,6.8,5.2,4.9,5.4,4.9,4.9
Oulu,Finland,4.8,5.9,5.3,4.9,5.3,4.8,4.8
Tampere,Finland,3.9,5.7,4.8,4.5,5.0,4.5,4.5
Vantaa,Finland,6.0,7.3,6.5,5.8,6.3,5.5,5.5
Virolahti,Finland,4.4,6.5,5.0,5.1,5.4,4.6,4.6
Angouleme,France,8.9,8.6,9.2,8.7,9.1,8.8,8.5
Annecy,France,13.5,12.1,9.5,9.9,10.1,11.5,11.3
Auxerre,France,10.2,8.1,8.1,7.2,7.6,8.0,7.6
Avignon,France,12.7,11.8,11.0,10.3,10.5,13.0,12.0
Baume-les-Dames,France,11.0,10.4,9.8,9.6,9.0,9.5,9.6
Besancon,France,11.7,12.0,9.1,8.6,9.0,8.8,8.8
Bethune,France,13.4,13.9,11.4,10.3,11.6,12.4,11.7
Biarritz,France,7.7,9.1,7.2,7.4,8.4,9.2,8.8
Billere,France,9.1,7.0,7.6,6.8,8.7,9.6,9.6
Bobigny,France,11.2,11.2,10.0,10.6,11.3,10.4,10.4
Campagne-les-Boulonnais,France,11.3,12.8,9.9,9.1,10.8,10.4,9.9
Chalon-sur-Saone,France,10.6,11.1,10.1,8.7,9.1,9.9,9.8
Dax,France,9.5,8.9,9.2,10.4,9.9,10.2,10.1
Dijon,France,10.1,8.6,7.7,7.6,7.8,8.1,8.0
Fontainebleau,France,7.5,7.7,7.4,6.4,6.5,7.5,7.5
Forbach,France,11.5,12.2,11.6,9.1,9.3,8.6,8.3
Gap,France,11.7,11.7,10.7,9.8,10.0,11.9,11.5
Gardanne,France,12.2,12.1,11.2,11.3,12.2,14.1,13.3
Gennevilliers,France,12.7,13.0,11.9,9.0,11.1,10.8,10.8
Gonesse,France,12.0,12.4,11.1,9.5,11.1,10.8,10.7
Jonville-en-Woëvre,France,10.5,11.2,9.6,9.5,8.9,8.4,8.2
Joue-Les-Tours,France,12.2,10.3,10.4,9.1,8.9,8.4,8.3
La Chataigneraie,France,9.2,8.6,8.0,6.8,8.2,6.7,6.7
La Mulatiere,France,15.1,14.1,12.8,14.6,12.5,12.5,12.1
La Rochelle,France,8.0,9.2,9.1,7.9,8.8,9.0,8.9
Les Mazures,France,6.6,7.3,6.7,5.9,6.3,7.6,7.4
Limoges,France,8.7,8.4,7.2,7.6,9.1,8.1,7.8
Lons-le-Saunier,France,10.6,10.1,6.8,6.6,7.1,7.5,7.6
Lunéville,France,12.1,12.2,10.5,10.2,10.5,10.8,10.6
Lyon,France,15.0,11.7,11.4,11.7,11.7,11.6,11.3
Marmande,France,9.0,8.9,7.8,8.4,9.7,8.6,8.3
Marseille,France,14.6,12.4,10.7,9.6,10.1,10.7,10.55
Melun,France,12.9,14.1,13.6,10.8,10.9,11.8,12.0
Mere,France,7.1,7.6,6.0,6.6,6.8,6.3,6.1
Metz,France,10.4,12.5,10.5,9.1,9.6,10.9,10.5
Mont-de-Marsan,France,9.4,9.3,8.0,7.9,9.1,9.5,9.3
Montargis,France,9.8,9.1,8.6,7.6,9.9,9.4,9.2
Montbeliard,France,11.1,11.3,10.9,10.2,10.0,9.0,9.3
Mulhouse,France,14.2,13.0,11.7,12.0,11.6,10.7,10.4
Nancy,France,10.8,10.9,9.4,9.5,10.5,11.4,10.9
Nice,France,13.9,12.5,11.1,9.2,9.5,10.2,10.2
Paray le Fresil,France,7.7,7.4,6.8,6.4,6.9,7.0,7.0
Paris,France,15.4,15.6,14.7,12.2,13.7,12.7,12.7
Passy,France,17.1,11.1,10.0,10.9,10.8,10.3,10.3
Poitiers,France,11.1,9.9,9.6,8.2,9.7,9.0,8.8
Rambouillet,France,7.9,11.1,8.4,7.8,9.5,9.1,9.2
Reims,France,13.3,13.1,11.2,10.0,10.8,10.9,10.5
Saint-Chamond,France,11.0,9.4,8.1,8.9,9.1,9.4,9.3
Saint-Denis,France,13.1,13.3,11.75,10.85,11.75,10.25,10.3
Saint-Dizier,France,11.2,12.0,8.9,8.5,9.2,8.6,8.2
Saint-Germain-sur-Rhone,France,9.5,9.3,8.1,7.9,8.9,9.7,9.8
Saint-Jean-de-Braye,France,11.9,10.7,9.9,8.9,10.4,10.1,9.9
Saint-Michel-l'Observatoire,France,8.4,6.2,6.6,6.1,6.6,6.4,6.7
Saint-Nazaire,France,9.6,9.2,8.6,8.7,9.1,8.7,8.7
Saint-Paul,France,5.5,5.5,6.1,5.3,5.1,5.2,5.3
Saint-Quentin,France,13.4,14.3,12.2,11.1,12.6,11.6,11.1
Strasbourg,France,15.9,14.4,14.0,10.6,10.9,11.7,11.7
Thionville,France,12.2,10.6,8.6,7.3,7.0,8.2,8.1
Toulon,France,12.4,11.9,11.8,9.1,8.5,9.3,9.2
Valenciennes,France,15.1,15.3,11.3,10.0,12.0,13.9,13.5
Vaulx-en-Velin,France,11.4,10.8,10.6,10.7,10.4,10.4,9.9
Verneuil-Les-Bois,France,7.4,7.1,7.2,6.4,7.3,7.4,7.3
Vitry-Sur-Seine,France,11.8,13.4,10.9,10.1,10.7,10.5,10.5
Épernay,France,9.6,10.5,9.3,8.2,8.9,8.4,8.0
Andechs,Germany,8.9,10.9,8.0,7.2,7.2,7.3,7.1
Ansbach,Germany,13.4,13.1,11.1,10.9,10.7,11.3,11.3
Augsburg,Germany,11.8,13.2,10.7,9.8,9.9,10.4,10.4
Bad Belzig,Germany,11.1,11.6,10.0,8.6,8.6,7.7,7.6
Bamberg,Germany,12.5,12.7,10.2,10.3,10.4,9.9,9.9
Belau,Germany,9.4,9.3,10.0,8.2,7.9,8.3,8.2
Berlin,Germany,8.5,11.7,9.7,11.8,12.5,12.6,12.5
Bernau bei Berlin,Germany,15.9,16.4,13.2,10.9,12.5,11.1,11.1
Blankenfelde-Mahlow,Germany,17.4,16.8,12.3,10.3,12.1,10.0,10.2
Braunschweig,Germany,12.7,12.5,10.3,7.9,9.2,9.8,9.7
Bremen,Germany,11.7,13.0,11.0,9.5,9.8,9.9,9.8
Bremerhaven,Germany,11.5,12.4,11.4,9.7,9.9,10.4,10.3
Buckow,Germany,12.9,13.7,11.6,9.8,10.9,8.9,8.9
Burghausen,Germany,12.9,14.3,11.2,10.3,10.1,9.9,10.0
Bösel,Germany,12.2,13.6,11.7,8.8,9.1,9.2,9.2
Cottbus,Germany,15.7,16.1,11.6,10.4,11.8,11.0,10.9
Datteln,Germany,14.4,14.4,10.8,8.6,10.6,12.3,12.2
Dortmund,Germany,14.2,14.5,11.8,10.6,11.3,12.1,11.8
Dresden,Germany,13.3,14.9,11.5,10.3,10.8,13.2,13.2
Duisburg,Germany,12.5,13.2,12.3,11.8,13.2,12.5,12.4
Düsseldorf,Germany,12.3,12.5,12.9,10.7,11.4,12.0,11.9
Eberswalde,Germany,14.8,16.0,11.4,10.4,10.8,12.3,12.2
Eggebek,Germany,9.2,12.3,10.8,8.2,8.6,8.0,7.9
Eisenhuttenstadt,Germany,14.7,16.7,11.8,10.4,10.3,10.0,9.9
Elsterwerda,Germany,16.1,16.2,11.7,10.5,11.3,8.8,8.7
Erfurt,Germany,10.4,12.0,9.2,9.0,10.7,9.9,9.8
Essen,Germany,13.1,13.9,11.7,9.6,10.8,11.2,11.2
Flensburg,Germany,10.4,12.2,10.9,9.1,9.8,9.0,9.0
Frankfurt/Oder,Germany,16.0,16.8,12.3,10.7,12.2,11.0,10.9
Freiburg,Germany,10.5,10.6,9.4,8.1,7.5,9.0,8.9
Fulda,Germany,14.0,14.4,12.2,10.5,10.4,8.5,8.5
Gelsenkirchen,Germany,16.5,16.6,14.0,11.9,13.0,13.8,13.8
Giessen,Germany,13.6,14.1,13.7,12.7,12.9,12.9,12.8
Gottingen,Germany,11.2,12.2,10.0,7.4,8.2,8.0,8.0
Greiz,Germany,11.9,13.1,9.8,9.7,10.6,9.8,9.7
Gulzow,Germany,11.5,12.0,9.5,8.5,9.3,8.2,8.3
Gustrow,Germany,12.0,11.6,10.2,8.9,10.4,9.3,9.3
Halberstadt,Germany,11.1,12.9,9.9,8.1,8.1,8.8,8.8
Hamburg,Germany,12.4,12.3,10.8,9.1,10.0,10.7,10.7
Hannover,Germany,12.0,12.8,10.9,8.2,9.5,10.0,10.0
Heilbronn,Germany,13.4,13.1,12.2,8.9,9.3,10.1,10.1
Heppenheim (Bergstrasse),Germany,13.5,13.8,11.3,9.3,9.3,11.2,11.0
Itzehoe,Germany,11.1,12.1,10.3,9.1,10.1,9.1,8.9
Kaiserslautern,Germany,11.9,12.5,10.2,8.9,7.9,9.5,9.4
Karlsruhe,Germany,11.6,11.4,11.2,9.1,9.6,9.6,9.5
Kehl,Germany,12.3,11.5,11.4,9.9,10.3,10.9,10.8
Kelheim,Germany,13.5,13.8,11.0,9.8,10.1,10.2,10.4
Kiel,Germany,12.5,13.3,12.2,9.9,9.8,9.4,9.4
Koblenz,Germany,11.6,11.8,11.0,8.7,9.8,8.9,8.3
Krefeld,Germany,14.1,16.5,13.9,11.1,12.9,12.4,11.9
Köln,Germany,14.8,15.3,12.8,9.4,9.9,10.5,10.3
Leipzig,Germany,12.8,14.7,11.6,9.6,10.1,10.6,10.5
Leizen,Germany,11.0,11.9,10.7,8.7,9.4,8.6,8.6
Lindau (Bodensee),Germany,11.2,12.4,10.2,9.8,9.3,9.9,9.8
Luchow,Germany,11.3,11.6,10.1,7.7,8.1,8.5,8.5
Luder,Germany,8.7,10.1,8.3,7.3,7.7,7.1,7.1
Ludwigshafen am Rhein,Germany,13.1,13.3,11.5,10.1,10.8,11.4,11.3
Lübeck,Germany,10.6,11.4,9.7,10.3,13.3,10.9,10.8
Mainz,Germany,12.5,12.6,11.5,10.4,10.7,10.1,10.1
Mannheim,Germany,13.8,12.7,12.3,10.3,10.7,11.3,11.3
Merzalben,Germany,6.3,7.4,5.4,4.7,5.1,6.2,6.2
Munich,Germany,13.8,13.6,10.6,9.8,10.3,10.7,10.7
Mönchengladbach,Germany,13.8,13.8,10.2,9.5,10.0,12.1,11.8
Nauen,Germany,14.2,15.2,11.5,10.1,11.2,10.7,10.6
Neu-Ulm,Germany,12.5,13.2,10.6,10.0,10.1,10.5,10.4
Neuwied,Germany,10.6,11.4,9.6,8.6,9.0,9.6,9.5
Niederzier,Germany,13.8,15.4,13.1,13.7,12.6,12.7,12.1
Oberaudorf,Germany,12.7,13.6,11.5,10.0,10.0,10.1,10.1
Oldenburg,Germany,15.0,13.9,12.0,8.6,9.1,9.5,9.5
Passau,Germany,15.1,14.9,12.6,11.4,11.6,11.4,11.6
Pforzheim,Germany,10.4,11.0,9.7,8.4,9.0,9.7,9.5
Potsdam,Germany,14.9,14.8,11.5,9.7,10.9,10.4,10.3
Reutlingen,Germany,14.5,12.7,11.9,8.5,9.0,10.0,9.9
Rostock,Germany,13.0,14.4,11.8,9.6,10.1,10.1,10.0
Salzgitter,Germany,10.9,12.3,9.8,7.5,8.5,8.8,8.7
Schwedt/Oder,Germany,13.3,16.0,10.6,9.9,10.8,10.4,10.2
Schwerin,Germany,12.1,12.5,11.9,9.1,12.0,10.2,10.1
Schwerte,Germany,12.3,13.1,8.7,8.4,9.4,11.2,10.9
Spremberg,Germany,15.6,16.8,12.1,10.6,12.1,10.7,10.6
Stuttgart,Germany,13.6,12.8,11.7,11.0,10.1,11.1,11.1
Tiefenbach,Germany,8.0,10.0,7.7,6.9,5.9,6.4,6.3
Trier,Germany,12.5,12.8,10.9,10.1,10.2,10.8,10.7
Trostberg,Germany,12.0,12.8,10.3,9.7,9.4,8.9,9.0
Tubingen,Germany,11.1,11.1,10.9,9.3,9.6,10.6,10.5
Ulm,Germany,12.0,12.1,10.6,9.4,10.4,10.8,10.7
Warstein,Germany,11.6,13.3,8.2,9.2,12.5,11.6,11.4
Weil am Rhein,Germany,10.4,10.6,9.9,8.7,9.5,9.5,9.5
Weimar,Germany,12.4,13.7,9.6,9.1,10.4,9.3,9.3
Wittenberge,Germany,13.6,13.7,10.5,8.8,9.5,8.7,8.6
Worms,Germany,13.7,13.1,11.9,10.9,11.3,11.9,11.8
Wuppertal,Germany,12.9,13.9,11.5,9.4,9.9,11.8,11.7
Wurzburg,Germany,11.5,11.9,9.9,9.8,10.5,10.8,10.8
Hong Kong,Hong Kong SAR,21.8,20.2,20.3,15.4,15.9,14.4,14.4
Hafnarfjoerdur,Iceland,5.9,4.3,4.3,4.3,4.4,3.8,3.7
Kopavogur,Iceland,5.7,5.8,6.9,6.9,4.9,3.7,3.7
Agra,India,110.6,104.8,57.2,80.2,73.4,38.2,40.2
Bengaluru,India,32.1,34.5,32.6,27.5,29.0,31.5,31.6
Chandrapur,India,44.8,41.4,35.1,32.2,47.5,35.1,36.4
Chennai,India,39.8,43.2,34.6,26.5,25.2,25.3,25.3
Delhi (NCT),India,108.2,113.5,98.6,84.1,96.4,92.6,92.7
Faridabad,India,123.0,129.1,85.0,83.3,88.9,79.7,82.1
Gaya,India,102.6,96.6,59.4,46.3,46.6,74.3,73.6
Ghaziabad,India,144.6,135.2,110.2,106.6,102.0,88.6,88.7
Gurugram,India,145.6,135.8,93.1,75.3,83.4,70.0,70.0
Hyderabad,India,51.0,44.2,39.0,34.7,39.4,42.4,42.5
Jaipur,India,88.3,67.6,50.5,43.8,56.6,54.2,54.6
Jind,India,126.5,91.6,85.4,81.6,84.1,77.9,79.0
Jodhpur,India,81.9,113.4,77.2,67.1,67.8,63.0,64.8
Kanpur,India,119.2,88.2,48.5,89.1,83.2,66.2,66.4
Kolkata,India,76.7,85.4,59.8,46.6,59.0,50.2,50.3
Lucknow,India,119.2,115.7,90.3,86.2,86.0,64.7,65.0
Mumbai,India,54.2,58.6,45.3,41.3,46.4,46.7,46.8
Muzaffarpur,India,107.4,110.3,81.2,74.3,82.9,79.2,82.9
Nagpur,India,56.2,46.6,47.2,27.1,35.2,46.8,44.8
Nashik,India,47.2,39.8,39.3,32.8,40.7,34.3,34.6
Noida,India,134.0,123.6,97.7,94.3,91.4,78.7,80.4
Panchkula,India,52.8,56.2,45.9,42.8,48.3,59.3,58.2
Patna,India,118.5,119.7,82.1,68.4,78.2,88.9,89.2
Pune,India,37.0,46.3,35.7,39.7,42.2,51.1,51.2
Rohtak,India,96.7,81.6,59.7,74.4,86.9,74.7,69.5
Solapur,India,37.7,38.9,36.9,30.6,32.6,39.3,40.8
Tirupati,India,34.5,31.3,26.4,24.4,28.8,31.9,32.4
Visakhapatnam,India,50.4,52.8,44.0,40.3,44.3,44.7,45.7
Jakarta,Indonesia,29.7,45.3,49.4,39.6,39.2,36.2,36.2
Tehran,Iran,34.0,26.1,25.9,29.0,31.7,36.1,36.2
Dublin,Ireland,8.0,9.5,10.6,8.6,7.8,7.1,7.1
Acre,Israel,21.0,17.2,19.6,18.4,19.1,19.0,19.0
Arad,Israel,17.4,19.9,19.1,16.5,18.1,21.0,21.6
Ashdod,Israel,18.9,19.6,20.6,15.8,16.5,16.3,16.6
Ashkelon,Israel,19.2,20.8,18.8,15.6,17.4,16.6,17.0
Ein Tamar,Israel,26.7,28.4,15.2,14.1,19.0,16.4,16.5
Ein Ya'akov,Israel,20.1,20.1,20.1,17.7,17.4,19.3,19.2
Haifa,Israel,16.3,16.7,18.0,16.2,16.3,16.5,17.0
Holon,Israel,19.7,21.4,22.1,15.9,23.7,21.4,21.5
Jerusalem,Israel,17.1,18.9,20.9,17.2,17.9,16.9,16.9
Kiryat Ata,Israel,19.8,21.1,19.7,15.5,17.2,18.3,18.4
Kiryat Malakhi,Israel,18.2,18.9,19.8,15.9,16.0,16.9,17.4
Kiryat Tiv'on,Israel,17.8,18.0,18.4,15.1,16.0,18.1,18.3
Nesher,Israel,13.8,12.4,16.8,13.6,14.4,15.7,16.3
Nir Yisrael,Israel,15.0,17.5,18.8,16.1,17.8,17.4,17.6
Pardes Hanna-Karkur,Israel,21.9,26.8,20.6,21.5,17.6,20.7,21.3
Ra'anana,Israel,19.5,18.8,21.3,17.7,19.1,18.8,19.1
Ramat Gan,Israel,21.0,19.3,22.6,18.8,20.2,20.5,20.5
Rishon LeTsiyon,Israel,20.7,19.9,22.9,17.3,19.3,20.7,20.8
Sde Yoav,Israel,17.7,16.6,19.4,16.0,18.3,15.7,15.9
Sderot,Israel,16.7,19.6,20.1,17.5,17.5,17.1,17.7
Tel Aviv-Yafo,Israel,18.3,19.5,21.8,17.2,20.7,19.5,19.6
Bergamo,Italy,26.4,18.0,18.5,17.8,17.6,17.6,17.5
Brescia,Italy,26.4,20.8,18.9,16.5,19.2,19.3,19.3
Ceglie Messapica,Italy,15.7,16.2,30.7,31.7,36.6,10.6,10.6
Milano,Italy,27.8,22.1,23.3,28.4,22.9,28.6,28.7
Modena,Italy,22.1,25.2,23.4,24.3,23.2,24.8,24.8
Torchiarolo,Italy,19.9,17.2,13.8,12.6,12.3,10.8,10.8
Torino,Italy,12.9,12.1,8.5,7.1,7.2,7.0,7.0
Abiko,Japan,13.1,13.2,13.1,12.1,12.3,9.5,9.6
Abira,Japan,8.4,9.1,9.2,7.1,7.6,8.0,7.5
Aikawa,Japan,9.6,10.3,9.2,8.4,8.9,8.9,8.9
Aioi,Japan,11.6,11.4,10.7,9.3,8.8,9.2,9.2
Akashi,Japan,13.0,13.1,11.8,9.8,9.3,9.9,9.9
Aki,Japan,10.8,10.0,9.2,9.3,7.6,8.4,8.3
Akita,Japan,10.9,11.5,12.2,9.6,8.1,7.6,7.6
Ako,Japan,10.7,10.5,10.1,8.0,8.7,9.4,9.3
Amagasaki,Japan,12.8,12.7,12.4,10.6,9.9,9.9,9.9
Amakusa,Japan,14.1,13.3,13.5,12.4,10.4,10.8,10.8
Aomori,Japan,10.5,10.2,11.6,10.3,8.3,7.9,8.0
Arao,Japan,15.4,15.2,14.0,12.0,12.5,11.5,11.5
Arida,Japan,12.2,11.8,11.2,9.9,9.3,9.2,9.2
Asahikawa,Japan,10.2,9.2,9.0,7.6,7.2,7.0,7.0
Asakuchi,Japan,17.0,18.0,16.1,15.5,14.0,14.4,14.4
Asakura,Japan,13.5,13.3,12.6,11.7,11.0,10.9,10.9
Ashikaga,Japan,12.3,12.3,11.1,9.8,9.1,9.3,9.1
Ashiya,Japan,11.2,11.2,11.2,10.0,9.2,9.0,9.0
Aso,Japan,11.6,10.6,11.5,10.5,8.8,9.8,9.8
Atsugi,Japan,8.6,8.9,8.3,7.3,8.3,9.3,9.3
Ayabe,Japan,10.9,11.2,10.9,8.7,8.9,8.9,8.8
Beppu,Japan,12.0,10.3,10.0,9.2,8.5,9.1,9.1
Bizen,Japan,13.5,13.7,13.4,10.8,10.2,11.5,11.5
Bungoono,Japan,11.4,10.0,9.5,9.3,8.3,8.8,8.8
Buzen,Japan,14.6,14.5,11.5,10.8,9.8,10.0,10.0
Chiba,Japan,10.7,11.0,10.4,9.1,8.7,9.1,9.1
Chichibu,Japan,12.9,14.4,14.2,9.7,8.8,8.7,8.7
Chigasaki,Japan,13.6,13.8,12.8,10.4,11.0,11.0,11.0
Chikusei,Japan,12.3,12.7,12.2,10.8,10.1,10.9,10.9
Chofu,Japan,10.7,11.8,11.0,9.3,7.8,7.8,7.8
Daito,Japan,13.3,14.2,13.4,7.7,7.9,9.3,9.3
Dazaifu,Japan,15.8,15.3,14.3,12.0,11.2,12.0,12.0
Ebina,Japan,7.0,7.5,6.7,6.7,8.3,8.4,8.4
Fuchu,Japan,12.7,13.6,12.2,10.7,7.7,7.6,7.6
Fujisawa,Japan,10.2,11.2,10.1,9.1,8.4,8.2,8.2
Fukaya,Japan,12.7,13.5,11.9,10.8,9.8,8.7,8.8
Fukuchiyama,Japan,10.6,10.4,9.8,8.5,8.1,8.0,8.0
Fukuoka,Japan,13.9,12.8,13.1,11.4,10.0,10.3,10.4
Fukushima,Japan,9.9,10.6,10.2,7.7,7.5,7.6,7.7
Fukuyama,Japan,15.4,14.2,12.9,11.4,11.1,11.1,11.1
Funabashi,Japan,12.0,12.5,12.3,11.2,8.8,8.9,8.9
Fussa,Japan,10.7,11.2,10.7,10.0,8.2,7.9,7.8
Futtsu,Japan,9.2,10.1,9.9,8.7,8.3,8.4,8.4
Gamagori,Japan,10.7,11.5,10.6,8.9,8.2,7.9,7.9
Gifu,Japan,11.5,12.2,11.4,9.4,9.1,9.8,9.7
Gose,Japan,12.5,12.4,11.4,10.7,9.4,9.3,9.3
Goshogawara,Japan,9.5,10.5,11.6,8.0,8.0,7.3,7.3
Goto,Japan,12.5,12.2,12.6,11.6,10.1,8.8,8.8
Hachinohe,Japan,10.4,10.5,11.4,9.7,8.0,7.8,7.8
Hachioji,Japan,11.8,11.6,10.4,8.9,7.8,8.1,8.1
Hadano,Japan,7.9,8.6,7.7,7.0,8.1,8.2,8.2
Hagi,Japan,11.1,10.8,12.1,10.8,11.0,8.9,8.9
Hakodate,Japan,8.3,8.7,8.8,6.7,6.7,6.5,6.5
Hakui,Japan,8.8,9.0,9.0,8.3,7.9,6.9,6.7
Hakusan,Japan,10.8,11.1,9.0,7.3,7.0,7.6,7.4
Hanamaki,Japan,11.2,9.2,8.8,7.7,9.6,7.5,7.5
Handa,Japan,14.4,15.7,15.3,12.9,12.8,12.7,12.6
Hannan,Japan,11.2,11.1,10.6,9.2,8.7,8.7,8.7
Harima,Japan,13.0,12.7,12.4,11.5,9.8,11.1,11.0
Hashimoto,Japan,13.1,11.9,11.2,10.1,9.0,9.8,9.7
Hayashima,Japan,16.9,15.9,14.8,14.1,12.7,13.6,13.6
Hidaka,Japan,11.6,12.9,12.4,9.9,8.8,8.9,8.9
Higashiagatsuma,Japan,10.2,10.8,9.7,9.5,8.8,8.9,8.9
Higashihiroshima,Japan,13.8,13.0,12.8,11.3,10.3,10.4,10.4
Higashikurume,Japan,12.6,12.9,11.5,9.3,8.9,9.4,9.4
Higashimurayama,Japan,13.3,13.5,12.1,10.6,8.7,8.5,8.5
Higashiomi,Japan,13.0,13.5,13.0,9.8,9.3,9.6,9.6
Higashiyamato,Japan,12.5,11.0,11.1,9.1,8.2,8.8,8.8
Hiji,Japan,12.4,11.0,10.2,9.3,8.2,8.7,8.6
Hikone,Japan,11.4,12.2,11.2,9.7,9.4,9.5,9.5
Himeji,Japan,13.2,12.6,11.8,11.2,9.8,9.1,9.0
Himi,Japan,10.3,10.2,8.3,8.7,9.5,8.6,8.6
Hino,Japan,12.0,12.5,11.2,8.9,8.3,8.5,8.5
Hirakata,Japan,12.6,12.5,12.3,7.9,8.2,9.2,9.2
Hiratsuka,Japan,13.1,11.7,10.5,8.7,8.0,8.3,8.3
Hiroshima,Japan,13.5,12.5,11.9,10.3,9.9,9.8,9.8
Hitachi,Japan,9.3,10.5,9.5,8.6,6.3,6.7,6.7
Hitachinaka,Japan,8.9,9.4,9.3,8.3,7.5,7.6,7.6
Hitachiomiya,Japan,8.7,9.7,9.2,8.3,7.9,8.4,8.3
Hofu,Japan,13.0,12.3,12.4,12.1,13.3,11.8,11.8
Honjo,Japan,12.1,12.3,10.7,9.6,9.0,8.8,8.8
Hyuga,Japan,13.5,11.6,11.4,13.2,9.4,10.3,10.3
Ibaraki,Japan,12.5,12.3,13.4,8.1,8.6,8.9,8.9
Ichihara,Japan,11.6,11.5,10.9,9.6,8.5,7.8,7.8
Ichikawa,Japan,12.0,12.6,10.0,9.3,8.6,8.6,8.6
Ichikikushikino,Japan,14.5,14.2,13.8,13.2,9.4,9.7,9.7
Ichinomiya,Japan,12.4,12.4,11.7,6.9,7.75,7.949999999999999,7.949999999999999
Ichinoseki,Japan,9.6,9.0,8.7,7.1,7.7,7.1,7.1
Ide,Japan,11.0,11.2,10.6,9.4,8.6,8.5,8.5
Iga,Japan,12.6,13.3,12.0,9.9,8.6,9.0,9.0
Iizuka,Japan,13.3,13.5,12.6,11.8,10.9,11.9,11.9
Ikeda,Japan,12.55,12.5,12.55,8.95,8.45,9.15,9.1
Iki,Japan,13.5,14.2,12.6,11.6,10.1,7.7,7.7
Ikoma,Japan,12.3,11.7,11.1,10.5,9.3,9.3,9.3
Imabari,Japan,14.6,14.7,14.9,13.0,11.3,11.1,11.1
Imari,Japan,15.3,13.9,17.6,14.1,11.9,12.0,12.0
Imizu,Japan,9.4,9.5,8.9,7.8,7.6,7.8,7.8
Ina,Japan,8.6,8.5,8.4,7.3,7.2,7.6,7.6
Inabe,Japan,12.8,10.1,9.8,7.8,7.7,8.1,8.1
Inami,Japan,13.6,12.5,12.7,10.8,9.6,10.6,10.6
Inazawa,Japan,11.5,12.7,11.5,9.7,9.6,9.0,9.0
Inuyama,Japan,10.8,12.0,11.1,8.7,7.6,7.7,7.7
Inzai,Japan,8.4,8.5,9.4,8.6,7.9,8.5,8.5
Iruma,Japan,12.0,12.8,12.3,10.8,9.9,8.6,8.6
Isahaya,Japan,14.6,9.4,14.5,12.6,11.1,9.4,9.4
Ise,Japan,13.4,9.9,9.3,8.5,7.8,8.0,8.0
Itami,Japan,11.1,11.3,11.7,10.2,10.0,9.9,9.7
Iwaki,Japan,8.6,9.1,9.1,7.3,7.5,7.6,7.6
Iwakuni,Japan,13.8,13.6,11.5,9.5,9.4,9.5,9.5
Izumi,Japan,12.6,13.6,13.45,11.2,8.6,9.15,9.1
Izumiotsu,Japan,13.0,12.5,12.1,8.0,7.7,9.4,9.4
Izumisano,Japan,11.4,11.6,10.8,7.2,7.8,8.4,8.3
Joso,Japan,12.6,12.7,12.5,10.2,10.0,9.4,9.2
Joyo,Japan,12.8,12.5,11.7,10.3,9.8,9.8,9.8
Kaga,Japan,8.2,9.2,9.0,7.8,7.4,7.8,7.5
Kagoshima,Japan,14.7,14.0,13.6,12.7,9.9,9.8,9.8
Kainan,Japan,10.5,10.2,9.6,8.9,8.0,7.7,7.7
Kaizuka,Japan,14.3,17.3,14.8,9.5,8.5,8.8,8.7
Kakamigahara,Japan,9.3,10.1,9.5,8.3,7.8,7.4,7.3
Kakogawa,Japan,14.7,14.2,13.5,11.3,10.5,10.4,10.5
Kamagaya,Japan,12.5,12.6,11.7,10.6,9.6,9.2,9.2
Kamaishi,Japan,10.8,8.9,8.4,7.1,6.9,7.0,6.8
Kamakura,Japan,9.8,11.3,10.2,8.4,8.4,8.4,8.4
Kameoka,Japan,12.3,11.9,12.0,10.1,9.2,8.6,8.6
Kamiamakusa,Japan,11.6,11.6,11.5,10.2,8.8,9.1,9.1
Kamisu,Japan,12.1,9.0,8.8,8.1,7.4,7.25,7.2
Kamiyama,Japan,10.5,10.7,9.7,9.6,8.7,9.0,8.9
Kanazawa,Japan,8.5,8.4,8.3,7.3,7.5,6.9,6.8
Kanda,Japan,14.9,14.3,13.5,13.3,10.5,11.5,11.4
Kanonji,Japan,17.3,18.3,15.1,11.7,11.0,11.8,11.7
Kanoya,Japan,15.9,15.5,14.3,14.0,12.1,13.8,13.8
Karatsu,Japan,13.4,12.9,13.9,10.9,9.1,9.5,9.5
Kariya,Japan,11.8,12.3,11.0,9.0,7.6,7.4,7.3
Kasama,Japan,10.6,9.0,8.0,7.3,6.7,7.5,7.4
Kasaoka,Japan,17.0,17.1,15.7,14.4,14.1,14.6,14.7
Kashihara,Japan,11.5,12.1,12.0,11.1,10.4,10.8,10.8
Kashima,Japan,14.8,13.4,13.3,10.25,9.85,8.95,8.95
Kashiwa,Japan,12.2,12.5,11.3,9.6,9.1,8.7,8.6
Kashiwara,Japan,13.5,13.5,12.8,7.3,7.2,8.3,8.3
Kasugai,Japan,12.6,12.6,11.8,10.2,10.5,9.4,9.4
Katori,Japan,8.1,8.4,8.4,7.3,7.2,7.5,7.5
Kawagoe,Japan,12.9,10.8,10.4,8.75,8.1,8.600000000000001,8.55
Kawaguchi,Japan,12.8,12.6,11.5,10.0,9.5,9.6,9.6
Kawanishi,Japan,13.6,10.2,8.7,8.5,8.1,8.3,8.3
Kawasaki,Japan,12.0,12.6,11.3,9.5,8.9,8.8,8.8
Kikuchi,Japan,15.1,13.8,13.1,12.6,11.3,11.4,11.4
Kimitsu,Japan,9.9,10.0,9.9,8.8,8.3,8.4,8.4
Kinokawa,Japan,10.5,11.5,10.3,9.9,8.9,8.7,8.6
Kirishima,Japan,15.5,15.4,12.5,12.0,10.1,11.0,11.0
Kisarazu,Japan,11.4,11.8,11.1,9.4,8.9,8.4,8.4
Kishiwada,Japan,11.1,11.6,10.8,7.6,7.6,8.4,8.3
Kiso,Japan,7.6,8.7,8.1,7.2,7.4,7.5,7.4
Kitahiroshima,Japan,11.5,10.6,10.2,9.2,8.3,8.4,8.4
Kitaibaraki,Japan,8.9,9.0,9.0,9.1,7.3,6.6,6.6
Kitajima,Japan,12.5,12.3,11.9,11.7,10.5,11.3,11.3
Kitakyushu,Japan,14.8,14.0,13.5,12.6,10.8,9.8,9.7
Kiyose,Japan,13.6,13.2,12.1,9.3,9.1,8.9,8.9
Kizugawa,Japan,13.0,12.6,11.9,10.5,8.4,8.9,8.9
Kobe,Japan,12.9,11.7,11.4,10.1,9.6,9.4,9.4
Kochi,Japan,12.8,11.2,11.2,11.0,10.5,10.5,10.4
Kodaira,Japan,11.5,12.0,10.3,8.9,8.2,8.8,8.8
Kofu,Japan,11.8,11.9,12.1,11.4,12.0,13.2,13.3
Koga,Japan,12.8,10.9,11.25,11.1,10.15,9.45,9.5
Koka,Japan,11.0,10.6,10.6,9.3,8.4,8.7,8.7
Komatsu,Japan,10.2,10.7,10.6,10.2,7.0,7.3,7.1
Konosu,Japan,13.6,15.0,11.8,10.3,9.7,9.3,9.3
Koriyama,Japan,9.6,9.9,9.7,8.0,8.4,8.3,8.2
Kosa,Japan,12.8,12.0,11.9,10.8,9.1,9.8,9.9
Koshigaya,Japan,15.2,16.8,14.3,10.2,9.3,9.1,9.1
Kudamatsu,Japan,14.0,12.9,12.6,11.4,10.7,10.0,10.0
Kuji,Japan,11.0,11.5,12.4,10.4,11.5,6.3,6.3
Kuki,Japan,14.9,16.6,15.9,15.4,9.8,9.5,9.5
Kumagaya,Japan,12.9,14.0,13.4,10.3,9.5,9.5,9.5
Kumakogen,Japan,8.3,8.4,8.2,8.1,7.3,8.2,8.2
Kumamoto,Japan,16.2,15.3,14.4,13.0,10.9,11.3,11.3
Kumano,Japan,11.6,12.6,9.6,8.7,8.2,8.3,8.3
Kumiyama,Japan,13.2,12.5,12.6,11.6,10.9,9.3,9.3
Kunigami,Japan,10.7,10.8,10.3,10.1,8.3,8.3,9.6
Kunisaki,Japan,11.4,10.1,9.8,8.9,8.6,8.7,8.7
Kunitachi,Japan,12.6,13.2,10.7,8.8,8.2,8.4,8.4
Kurashiki,Japan,15.2,14.8,13.9,12.1,10.7,10.8,10.8
Kure,Japan,14.8,13.8,12.9,11.4,11.3,11.0,11.0
Kurihara,Japan,8.0,8.4,8.3,7.0,6.8,6.3,6.3
Kusatsu,Japan,11.3,11.0,10.6,8.8,8.4,8.7,8.7
Kuwana,Japan,13.1,10.6,9.9,8.2,8.0,8.5,8.4
Kyotanabe,Japan,12.3,12.4,11.0,9.7,9.2,9.2,9.2
Kyotango,Japan,10.4,10.9,10.1,7.6,7.1,7.5,7.5
Kyoto,Japan,11.1,10.9,11.0,9.6,9.4,9.8,9.8
Machida,Japan,12.1,11.2,9.7,8.5,8.1,9.0,9.0
Maebashi,Japan,10.9,11.1,10.0,9.2,8.6,9.4,9.3
Maizuru,Japan,12.2,12.0,11.7,9.1,9.1,8.0,8.0
Marugame,Japan,13.7,13.7,12.6,10.7,9.1,9.3,9.3
Masaki,Japan,12.6,12.3,12.0,11.5,10.9,12.2,12.1
Mashiki,Japan,18.4,18.4,17.4,16.4,11.4,11.5,11.5
Masuda,Japan,12.5,11.7,10.1,9.4,8.6,8.3,8.4
Matsubara,Japan,14.2,16.5,15.0,8.0,8.4,9.4,9.4
Matsudo,Japan,13.0,13.6,14.2,12.6,9.6,8.3,8.3
Matsue,Japan,12.7,11.8,10.8,9.4,7.9,7.8,7.8
Matsumoto,Japan,9.6,9.5,9.7,8.6,8.4,8.4,8.4
Matsusaka,Japan,13.1,10.4,10.5,9.4,9.0,8.8,8.8
Matsuyama,Japan,14.5,14.3,13.7,11.8,11.6,11.0,11.0
Mihama,Japan,13.6,14.9,12.2,10.6,10.9,10.6,10.6
Mihara,Japan,13.4,13.3,12.8,11.8,10.3,10.6,10.5
Mima,Japan,12.1,12.3,11.4,11.6,9.6,10.4,10.4
Minamata,Japan,12.1,13.2,14.7,13.8,11.5,13.1,13.0
Minami,Japan,11.2,11.3,10.7,10.2,8.7,9.2,9.2
Minamiaizu,Japan,9.0,9.1,9.0,5.8,5.9,6.0,5.9
Minamiashigara,Japan,7.1,8.0,7.5,6.2,7.0,7.0,7.0
Minamisatsuma,Japan,12.9,13.3,13.2,11.8,9.2,9.5,9.5
Minamiyamashiro,Japan,11.1,10.4,10.0,8.4,8.3,8.5,8.5
Mine,Japan,11.6,11.5,10.4,8.8,8.2,7.9,7.9
Minokamo,Japan,10.7,10.9,10.7,9.0,8.8,8.8,8.7
Mitaka,Japan,14.3,14.0,11.1,9.7,8.9,8.8,8.8
Miura,Japan,8.9,9.4,8.7,7.9,8.4,8.7,8.8
Miyakonojo,Japan,16.5,15.2,14.2,14.0,11.9,12.8,12.8
Miyazaki,Japan,13.0,12.2,12.2,10.9,10.5,11.3,11.3
Miyazu,Japan,9.8,10.8,9.9,8.2,7.7,8.0,8.0
Miyoshi,Japan,11.6,11.1,10.9,10.4,9.033333333333331,9.333333333333334,9.3
Mobara,Japan,9.4,9.5,9.3,8.1,7.3,7.6,7.6
Moriguchi,Japan,10.0,10.1,9.4,8.2,8.2,8.5,8.4
Morioka,Japan,12.8,10.3,9.9,8.0,8.0,8.3,8.3
Moriyama,Japan,11.9,11.5,11.6,9.0,8.8,8.7,8.7
Muko,Japan,11.7,11.6,11.0,9.7,9.4,9.7,9.7
Munakata,Japan,12.9,12.3,12.6,11.0,11.4,11.8,11.8
Murayama,Japan,8.1,8.6,8.3,8.3,8.2,7.1,7.1
Musashino,Japan,12.6,12.7,11.0,9.8,8.5,8.4,8.4
Nabari,Japan,12.4,13.8,11.7,10.2,9.6,9.6,9.6
Nagahama,Japan,11.2,11.2,10.8,8.7,8.4,8.6,8.6
Nagai,Japan,8.5,8.8,8.2,7.9,8.0,7.4,7.5
Nagakute,Japan,10.5,11.3,10.8,9.0,8.3,8.0,8.0
Nagano,Japan,10.5,9.0,8.3,7.7,7.5,7.25,7.2
Nagareyama,Japan,11.8,12.2,11.4,9.9,8.8,8.9,8.9
Nagasaki,Japan,13.0,12.3,11.8,11.2,10.1,9.4,9.5
Nagato,Japan,11.8,11.4,10.8,9.6,8.5,9.1,9.2
Nago,Japan,8.8,9.6,8.9,8.2,7.5,8.6,8.6
Nagoya,Japan,12.2,12.1,11.7,9.4,9.2,9.3,9.3
Naka,Japan,11.6,11.7,10.3,9.6,9.7,8.9,8.8
Nakatsu,Japan,15.5,14.9,14.0,12.7,11.9,12.6,12.6
Nanao,Japan,10.7,11.2,11.2,7.6,7.2,7.6,7.3
Nantan,Japan,11.8,11.6,11.1,9.6,8.9,9.0,9.0
Nanto,Japan,10.0,11.0,9.9,8.1,7.7,7.9,7.8
Nara,Japan,11.2,11.5,11.2,10.3,9.1,11.1,11.1
Naraha,Japan,10.0,10.7,10.3,7.8,8.3,8.5,8.5
Narita,Japan,11.7,12.1,11.3,8.8,7.8,8.0,8.0
Naruto,Japan,13.1,13.0,11.8,11.3,10.7,10.7,10.7
Nasukarasuyama,Japan,9.5,9.3,9.5,9.2,8.4,8.8,8.5
Nasushiobara,Japan,8.6,8.5,8.3,7.2,6.3,6.7,6.5
Natori,Japan,11.2,11.1,11.6,10.1,9.2,8.0,8.0
Nichinan,Japan,13.3,12.4,12.2,12.3,10.2,10.6,10.6
Niigata,Japan,8.5,9.1,8.6,7.1,6.9,7.0,7.0
Niihama,Japan,14.7,14.8,13.9,13.2,12.3,13.0,12.9
Niimi,Japan,9.1,9.3,8.6,7.2,7.0,7.6,7.6
Nikko,Japan,7.4,9.5,8.8,8.5,7.9,8.4,8.1
Nishinomiya,Japan,12.2,11.3,10.7,9.9,9.0,8.7,8.7
Nishio,Japan,11.7,11.5,10.7,9.5,8.5,7.9,8.0
Nishitokyo,Japan,13.2,13.6,11.5,9.9,8.4,8.3,8.3
Nishiwaki,Japan,11.3,11.5,11.0,9.5,8.0,7.9,7.9
Nobeoka,Japan,14.0,11.5,9.8,10.7,9.3,10.2,10.2
Noda,Japan,14.9,13.8,11.6,9.9,9.1,9.1,9.2
Nogata,Japan,14.2,13.4,13.2,12.2,10.8,11.4,11.4
Nonoichi,Japan,11.3,10.8,10.6,9.7,10.4,7.9,7.7
Numata,Japan,12.6,13.1,11.8,10.8,7.9,8.2,8.1
Nyuzen,Japan,10.3,10.4,9.9,8.9,8.9,8.6,8.6
Obama,Japan,11.7,12.1,11.4,9.3,7.1,7.2,7.2
Obu,Japan,11.2,11.6,11.4,9.1,9.0,8.7,8.6
Odate,Japan,9.2,9.8,9.7,7.3,7.4,7.2,7.1
Odawara,Japan,10.3,11.8,12.7,10.1,10.5,10.3,10.3
Oga,Japan,9.4,9.6,9.5,7.8,7.4,7.7,7.7
Ogaki,Japan,11.2,11.9,11.5,10.0,9.6,9.5,9.5
Oita,Japan,14.1,12.4,12.6,12.0,10.4,11.1,11.0
Oji,Japan,11.7,10.9,9.4,8.7,7.6,8.3,8.3
Okayama,Japan,14.3,13.9,13.2,11.6,10.2,10.7,10.7
Okazaki,Japan,11.6,12.0,11.2,9.0,9.1,9.1,9.1
Ome,Japan,10.2,10.3,9.1,8.5,9.2,9.8,9.8
Omihachiman,Japan,12.4,12.4,11.6,9.4,9.2,9.4,9.3
Omuta,Japan,15.9,15.3,15.6,13.8,12.8,11.9,11.9
Ono,Japan,11.9,11.05,11.6,9.75,8.2,8.25,8.2
Osaka,Japan,14.9,13.8,13.5,10.7,10.0,10.2,10.2
Oshu,Japan,10.5,10.9,10.8,9.3,9.4,10.8,10.8
Ota,Japan,14.8,14.3,13.0,9.8,8.8,9.0,9.0
Otake,Japan,13.3,12.7,11.6,10.9,10.7,10.3,10.2
Otaru,Japan,8.3,8.7,9.2,5.9,6.6,7.0,7.0
Otsu,Japan,10.4,10.1,9.6,8.6,8.3,8.2,8.2
Otsuki,Japan,11.2,10.9,11.2,10.1,9.7,9.8,9.8
Owariasahi,Japan,11.3,12.1,11.2,9.6,9.3,9.4,9.4
Oyabe,Japan,8.9,9.4,8.8,7.5,6.7,6.2,6.2
Oyama,Japan,13.7,13.2,12.9,12.2,10.1,10.1,10.0
Ozu,Japan,13.8,14.3,14.3,12.8,12.1,12.2,12.2
Reihoku,Japan,12.8,12.3,14.6,12.8,11.1,11.6,11.6
Rishiri,Japan,7.8,10.3,8.7,7.0,5.9,7.0,7.0
Sabae,Japan,13.7,14.3,13.3,10.6,8.2,7.9,7.9
Sado,Japan,9.5,11.4,9.3,7.9,7.6,7.6,8.0
Saga,Japan,14.3,13.5,13.8,12.2,10.3,10.0,10.0
Sagae,Japan,8.3,9.0,8.3,8.1,7.9,8.0,8.1
Sagamihara,Japan,9.8,10.3,9.8,8.6,8.0,8.35,8.35
Saijo,Japan,14.7,14.8,14.3,12.5,11.7,11.7,11.8
Saitama,Japan,12.7,12.7,11.3,9.8,9.1,8.5,8.5
Sakai,Japan,12.35,12.8,12.35,9.8,8.3,9.2,9.2
Sakaide,Japan,13.0,12.9,11.4,10.4,8.8,9.5,9.5
Sakata,Japan,8.5,8.3,9.4,8.4,8.5,8.3,8.4
Saku,Japan,9.9,10.9,9.3,7.5,6.6,7.0,6.9
Sakura,Japan,10.4,9.8,9.0,7.6,7.3,7.7,7.7
Sakurai,Japan,11.3,11.8,11.4,10.2,9.3,9.3,9.3
Samukawa,Japan,9.8,10.1,9.6,9.6,8.7,8.7,8.7
Sanda,Japan,11.0,10.4,9.4,9.0,8.4,9.5,9.5
Sanyoonoda,Japan,16.5,12.2,12.3,10.2,9.9,10.0,10.0
Sapporo,Japan,8.4,7.3,8.1,7.0,6.8,6.5,6.5
Sasaguri,Japan,13.1,13.0,11.4,11.0,10.1,11.3,11.3
Sasebo,Japan,14.8,12.8,12.6,11.0,9.3,9.4,9.4
Satsumasendai,Japan,16.1,15.2,13.2,12.4,10.3,10.7,10.7
Satte,Japan,15.9,15.6,15.5,10.8,10.3,10.5,10.5
Seika,Japan,13.9,13.9,13.2,11.6,11.1,10.6,10.6
Sendai,Japan,8.7,9.0,8.6,6.8,6.8,6.6,6.6
Seto,Japan,11.2,11.3,10.4,9.2,9.2,8.4,8.4
Shibata,Japan,9.0,9.4,9.7,7.9,8.1,8.0,8.0
Shijonawate,Japan,14.1,13.9,12.9,11.6,11.7,10.9,10.8
Shikokuchuo,Japan,14.9,14.9,13.6,13.0,12.4,12.5,12.5
Shima,Japan,15.2,9.5,8.4,6.7,6.4,6.7,6.6
Shimamoto,Japan,10.3,9.1,8.1,6.2,6.4,6.8,6.8
Shimanto,Japan,11.4,10.7,10.7,10.1,8.7,8.9,8.8
Shimonoseki,Japan,14.5,13.4,12.8,11.2,10.4,9.8,9.8
Shimotsuma,Japan,13.1,13.3,12.8,9.7,9.5,9.8,9.8
Shingu,Japan,9.4,9.3,8.5,8.2,6.4,6.0,6.0
Shinjo,Japan,8.6,9.2,9.1,8.2,8.6,8.7,8.4
Shirakawa,Japan,10.5,11.3,10.2,9.0,9.9,6.6,6.6
Shiroishi,Japan,13.15,13.0,12.65,11.15,10.2,10.35,10.35
Shonai,Japan,9.0,9.4,9.3,8.5,8.7,8.7,8.4
Shunan,Japan,13.8,12.7,12.6,11.3,9.8,9.2,9.1
Sodegaura,Japan,11.5,10.9,9.7,8.6,7.8,7.5,7.5
Soja,Japan,14.7,13.7,12.7,11.8,12.0,12.8,12.8
Soka,Japan,14.0,12.5,11.7,10.3,9.9,10.3,10.3
Sosa,Japan,12.0,12.1,11.8,11.8,13.5,8.3,8.3
Suita,Japan,13.2,13.5,13.3,9.1,9.0,9.9,9.9
Sumoto,Japan,9.3,9.4,8.7,7.5,6.8,7.3,7.3
Susaki,Japan,11.3,10.8,10.1,10.3,8.6,9.3,9.2
Suwa,Japan,8.6,9.9,8.3,7.6,7.1,7.2,7.1
Suzu,Japan,7.3,7.9,7.7,6.8,6.6,7.2,6.9
Suzuka,Japan,13.0,13.9,12.6,10.4,9.9,9.5,9.5
Tachikawa,Japan,11.4,12.1,10.2,8.7,8.1,8.2,8.2
Tagawa,Japan,15.0,13.8,13.8,12.6,11.4,12.4,12.5
Tahara,Japan,10.9,11.5,11.1,9.3,9.0,8.9,8.9
Taishi,Japan,13.0,11.7,11.8,9.7,9.7,10.1,9.9
Tajimi,Japan,10.7,10.9,10.6,9.0,8.5,8.9,8.6
Takahama,Japan,12.4,12.7,11.8,9.6,7.6,7.5,7.5
Takaishi,Japan,12.8,12.3,12.7,7.9,8.4,9.5,9.5
Takamatsu,Japan,13.4,13.3,11.2,9.6,9.0,8.3,8.4
Takanabe,Japan,14.2,12.9,12.4,12.6,10.0,11.3,11.3
Takaoka,Japan,11.7,11.5,11.2,10.0,10.9,10.2,10.2
Takarazuka,Japan,11.6,11.4,11.1,9.0,8.6,8.9,8.9
Takasago,Japan,13.8,13.2,13.0,11.6,10.7,11.8,11.8
Takashima,Japan,11.5,10.8,10.3,9.1,9.3,9.4,9.3
Takatsuki,Japan,11.7,11.4,10.8,7.0,7.6,8.6,8.6
Takayama,Japan,8.5,9.0,8.5,7.8,7.9,8.3,8.2
Takehara,Japan,12.5,11.9,10.6,10.4,9.1,8.9,8.8
Takeo,Japan,14.2,13.1,13.6,13.4,10.2,10.5,10.5
Takizawa,Japan,12.3,13.0,13.3,11.0,7.8,6.7,6.7
Taku,Japan,13.9,13.1,13.1,11.5,9.9,9.9,9.9
Tama,Japan,12.2,10.9,10.0,8.7,8.0,8.6,8.6
Tamano,Japan,13.6,13.4,13.1,11.8,11.4,11.8,11.8
Tamba,Japan,10.3,10.2,10.1,8.9,7.9,9.0,9.0
Tatebayashi,Japan,13.4,13.7,13.0,11.5,10.9,10.2,10.1
Tateyama,Japan,10.1,11.1,9.9,8.7,7.0,6.9,6.9
Tenri,Japan,14.8,16.6,14.1,10.5,9.4,10.0,10.0
Toba,Japan,10.7,9.0,8.6,6.9,6.7,6.9,6.9
Tobishima,Japan,14.6,15.0,14.6,12.6,12.0,12.5,12.5
Tochigi,Japan,10.1,10.1,9.5,8.7,8.4,8.5,8.3
Toda,Japan,13.4,14.9,11.5,10.1,9.3,9.5,9.5
Togane,Japan,9.1,9.2,9.2,7.7,7.2,7.1,7.2
Togo,Japan,11.9,11.3,10.8,8.7,8.3,7.8,7.8
Tokai,Japan,14.3,14.8,13.4,11.3,9.4,9.3,9.3
Tokoname,Japan,11.0,13.2,11.1,9.6,9.3,8.7,8.6
Tokorozawa,Japan,14.0,14.2,13.1,10.3,9.4,8.5,8.5
Tokushima,Japan,11.6,10.3,9.3,8.5,7.9,8.4,8.4
Tokyo,Japan,13.0,13.1,11.7,10.1,9.1,9.2,9.2
Tomakomai,Japan,11.9,9.6,9.7,7.6,7.0,6.5,6.6
Tomioka,Japan,9.0,10.2,9.6,8.6,8.3,8.2,8.2
Tondabayashi,Japan,13.8,15.1,15.0,7.3,7.8,8.5,8.5
Tosu,Japan,14.1,13.1,13.6,13.1,10.3,10.2,10.3
Toyama,Japan,8.0,8.1,8.4,7.5,7.5,7.7,7.7
Toyohashi,Japan,10.4,10.7,10.4,8.9,8.8,8.0,8.0
Toyokawa,Japan,12.8,12.9,10.2,8.5,8.3,7.9,7.9
Toyono,Japan,10.0,10.1,9.8,6.7,6.6,7.7,7.7
Toyooka,Japan,11.1,12.0,12.3,8.6,8.6,8.4,8.4
Toyota,Japan,9.0,9.7,9.2,7.9,7.4,7.5,7.5
Tsu,Japan,12.0,9.8,8.8,8.1,8.4,8.0,8.0
Tsuchiura,Japan,12.0,12.7,12.7,9.0,9.0,9.6,9.6
Tsukumi,Japan,11.1,10.1,9.6,8.9,8.3,8.5,8.5
Tsumagoi,Japan,9.1,9.2,8.5,7.7,7.5,8.2,8.2
Tsuruga,Japan,12.1,12.5,12.3,9.9,7.5,7.2,7.2
Tsuruoka,Japan,8.5,9.2,9.0,8.6,8.3,7.8,7.9
Tsushima,Japan,11.0,11.6,10.7,10.2,8.75,8.866666666666665,8.833333333333334
Tsuyama,Japan,12.2,12.2,11.7,10.2,9.6,10.3,10.2
Ube,Japan,12.8,11.9,11.4,9.7,9.2,9.3,9.3
Uchinada,Japan,7.7,7.7,8.1,6.7,7.0,7.2,7.0
Uji,Japan,11.9,11.7,10.5,9.0,8.7,8.9,8.9
Uozu,Japan,9.5,10.0,10.1,9.5,8.7,8.8,8.8
Ureshino,Japan,14.9,13.8,13.6,11.7,10.6,10.3,10.3
Usuki,Japan,12.1,10.5,10.0,9.7,8.3,8.9,8.8
Uto,Japan,14.7,13.2,15.2,15.2,12.0,12.9,12.8
Utsunomiya,Japan,12.2,12.6,12.3,11.0,10.3,9.1,9.0
Uwajima,Japan,10.4,9.9,9.4,9.6,8.3,8.1,8.1
Wajima,Japan,8.0,7.8,8.0,7.2,7.3,7.6,7.3
Wakasa,Japan,11.3,11.4,10.7,8.9,8.6,8.7,8.7
Wakayama,Japan,13.3,12.5,11.3,10.3,10.1,10.4,10.4
Waki,Japan,12.7,11.9,11.8,10.2,9.8,9.5,9.5
Wakuya,Japan,7.7,8.9,8.5,7.2,6.5,6.5,6.4
Yachiyo,Japan,11.4,12.1,10.8,9.7,9.0,8.8,8.8
Yaita,Japan,10.0,10.3,9.3,7.6,7.5,7.8,7.6
Yamagata,Japan,8.8,9.6,9.1,8.4,8.9,8.85,8.85
Yamaguchi,Japan,12.1,10.1,10.8,9.1,8.5,8.8,8.8
Yamato,Japan,11.2,12.0,10.7,8.4,8.1,8.3,8.3
Yamatotakada,Japan,12.4,12.4,12.1,10.9,10.0,10.5,10.5
Yame,Japan,13.7,14.3,12.7,11.6,10.1,10.5,10.5
Yanagawa,Japan,14.7,13.3,13.1,11.5,12.1,11.3,11.4
Yanai,Japan,11.4,10.7,10.3,9.5,8.6,8.9,8.8
Yao,Japan,13.4,13.2,12.9,8.3,9.9,11.5,11.6
Yashio,Japan,11.6,12.3,11.6,10.5,9.8,9.8,9.8
Yatsushiro,Japan,14.3,14.9,15.2,14.2,12.7,13.3,13.3
Yawatahama,Japan,11.0,10.3,10.4,9.6,9.0,9.3,9.3
Yokkaichi,Japan,13.6,14.2,12.2,10.2,10.2,9.7,9.7
Yokohama,Japan,10.7,11.3,10.5,9.6,8.6,8.6,8.6
Yokoshibahikari,Japan,10.6,10.4,9.9,9.0,8.4,8.6,8.6
Yokosuka,Japan,11.6,12.6,11.7,10.5,9.7,8.8,8.8
Yonezawa,Japan,8.3,8.7,8.2,7.7,8.0,7.4,7.7
Yorii,Japan,11.9,11.1,10.8,9.5,8.9,8.9,8.9
Yotsukaido,Japan,11.8,12.5,11.5,10.5,10.0,9.1,9.2
Yufu,Japan,12.0,10.3,10.1,9.6,8.6,9.6,9.5
Yurihonjo,Japan,8.4,9.2,9.1,7.4,7.0,7.4,7.1
Zentsuji,Japan,15.4,15.1,14.2,13.0,11.6,11.1,11.1
Pristina,Kosovo,31.7,30.4,23.5,20.0,14.6,13.7,13.7
Kuwait City,Kuwait,46.8,56.0,38.3,34.0,29.7,57.5,57.3
Klaipeda,Lithuania,17.2,20.4,15.5,8.8,8.5,8.2,8.1
Vilnius,Lithuania,16.9,18.2,15.8,13.4,14.6,14.5,14.5
Celaya,Mexico,22.2,20.1,20.0,18.6,19.3,19.2,19.2
Irapuato,Mexico,23.2,19.7,19.2,18.2,17.9,18.1,18.1
Leon,Mexico,27.3,20.8,20.9,19.0,16.6,17.0,17.0
Mexicali,Mexico,22.7,30.2,17.7,19.7,15.9,14.4,14.4
Mexico City,Mexico,20.4,19.7,20.5,18.8,21.7,22.1,22.1
Monterrey,Mexico,15.7,17.2,19.3,14.5,20.1,18.1,18.1
Salamanca,Mexico,25.1,20.9,20.9,18.0,19.6,20.0,20.0
Ulaanbaatar,Mongolia,66.5,58.5,62.0,46.6,33.8,30.6,30.7
Kathmandu,Nepal,45.9,54.4,48.0,39.2,50.9,40.7,40.8
Amsterdam,Netherlands,12.2,11.5,10.7,9.9,10.3,10.1,10.0
Biest Houtakker,Netherlands,10.4,12.5,11.6,10.5,11.0,12.1,12.2
Breda,Netherlands,11.6,14.1,11.5,9.1,10.5,11.4,11.4
Breukelen,Netherlands,9.9,11.7,10.6,9.1,10.0,9.7,9.6
Cabauw,Netherlands,9.4,10.9,10.7,9.3,9.6,9.8,9.8
De Zilk,Netherlands,9.5,10.2,9.7,7.7,9.7,10.5,10.4
Den Haag,Netherlands,9.8,10.1,9.9,8.5,8.0,9.3,9.1
Diemen,Netherlands,9.2,12.5,10.5,8.1,8.7,7.7,7.7
Enschede,Netherlands,11.1,10.5,10.0,8.5,9.2,8.8,8.7
Groningen,Netherlands,8.5,10.3,9.5,8.0,9.5,9.6,9.6
Heerlen,Netherlands,9.1,10.6,9.7,8.3,9.4,9.5,9.5
Hoek v. Holland,Netherlands,11.4,10.7,10.5,10.1,9.4,10.8,10.8
IJmuiden,Netherlands,8.1,9.8,9.8,8.7,9.1,10.1,10.1
Maassluis,Netherlands,11.4,14.0,11.8,11.2,11.1,10.3,10.2
Nijmegen,Netherlands,11.0,11.9,11.1,10.0,11.5,10.9,10.9
Ridderkerk,Netherlands,13.0,12.7,11.0,10.0,10.4,10.4,10.4
Rotterdam,Netherlands,11.2,12.1,11.2,9.5,9.9,10.7,10.6
Schiedam,Netherlands,12.5,12.3,11.1,10.6,10.8,10.9,10.9
Utrecht,Netherlands,10.9,11.5,11.2,10.1,12.3,11.9,11.9
Veldhoven,Netherlands,11.2,12.8,12.3,10.6,12.5,14.1,14.1
Vredepeel,Netherlands,9.5,12.1,12.1,10.3,11.6,11.2,11.4
Wekerom,Netherlands,10.7,12.8,11.4,9.6,10.9,10.0,10.0
Wieringerwerf,Netherlands,8.9,10.1,10.3,8.6,8.6,9.1,9.0
Zaandam,Netherlands,11.7,11.4,13.3,11.3,12.0,9.6,9.5
Ashburton,New Zealand,11.7,9.4,9.7,9.0,7.5,7.5,7.5
Blenheim,New Zealand,19.1,13.8,12.2,12.3,11.5,12.4,11.6
Christchurch,New Zealand,8.9,7.7,7.3,7.0,5.2,4.4,4.4
Geraldine,New Zealand,13.0,11.0,10.4,10.0,9.1,7.8,7.9
Kaiapoi,New Zealand,14.0,10.9,11.9,10.0,10.2,9.0,9.1
Masterton,New Zealand,14.7,11.1,12.5,11.2,11.0,8.3,8.2
Rangiora,New Zealand,11.2,8.3,9.7,9.7,8.4,7.8,7.9
Timaru,New Zealand,10.9,8.6,10.9,9.3,9.2,8.8,8.8
Waimate,New Zealand,12.3,7.8,10.2,9.6,8.6,7.6,7.6
Baerum,Norway,9.0,9.7,9.1,6.7,11.0,9.2,9.1
Bergen,Norway,5.2,5.5,5.9,5.0,5.9,5.5,5.5
Brevik,Norway,6.1,7.4,7.2,6.3,7.0,6.8,6.8
Elverum,Norway,6.7,7.6,7.4,6.2,6.5,7.0,7.0
Fredrikstad,Norway,9.0,8.8,8.4,7.0,9.5,8.1,8.0
Gjovik,Norway,6.8,8.4,6.8,5.4,6.4,6.4,6.4
Hamar,Norway,11.8,8.8,8.5,7.0,8.0,7.3,7.2
Lillehammer,Norway,6.6,6.7,6.2,5.5,5.9,5.7,5.7
Lillestrom,Norway,6.7,7.5,6.6,6.1,10.1,7.7,7.7
Moss,Norway,7.7,8.5,8.9,7.4,8.9,7.7,7.6
Narvik,Norway,3.9,4.6,5.2,3.9,5.2,4.4,4.4
Oslo,Norway,7.4,8.2,7.5,6.4,7.5,6.9,6.8
Porsgrunn,Norway,7.4,7.5,7.6,7.5,9.0,8.6,8.6
Stavanger,Norway,6.8,8.0,7.8,6.4,8.7,6.9,6.8
Tromso,Norway,6.0,6.2,6.1,5.5,5.6,4.6,4.7
Trondheim,Norway,5.1,6.4,5.9,4.8,6.1,5.2,5.2
Islamabad,Pakistan,39.2,38.6,35.2,39.0,41.1,40.6,40.6
Karachi,Pakistan,38.5,33.7,40.2,43.8,45.9,50.6,50.0
Lahore,Pakistan,133.2,114.9,89.5,79.2,86.5,97.4,97.4
Lima,Peru,27.7,28.0,23.7,18.0,31.5,25.6,25.5
Bialystok,Poland,17.0,16.3,13.7,13.8,16.1,13.3,13.1
Bydgoszcz,Poland,20.7,24.2,21.7,15.8,13.1,13.0,13.0
Gdansk,Poland,11.7,10.1,14.2,15.0,16.5,14.9,14.9
Jelenia Gora,Poland,21.8,21.3,20.1,19.6,19.3,14.8,15.1
Kalisz,Poland,26.1,23.3,19.4,18.8,23.9,21.8,22.0
Katowice,Poland,25.1,30.4,26.0,21.4,22.5,25.9,25.0
Konstancin-Jeziorna,Poland,21.6,21.8,15.9,15.8,19.4,14.2,14.4
Krakow,Poland,30.2,28.9,24.6,21.7,24.7,20.0,20.0
Legionowo,Poland,21.8,22.5,18.8,20.6,18.9,16.3,16.4
Lodz,Poland,23.3,23.8,19.9,18.1,20.2,15.4,15.4
Lublin,Poland,21.6,21.0,20.5,18.5,23.1,19.1,19.4
Mielec,Poland,25.3,25.1,21.1,18.8,23.9,16.4,16.4
Olsztyn,Poland,17.9,20.3,15.5,14.1,13.4,11.0,11.1
Otwock,Poland,29.3,30.2,18.2,22.4,19.6,14.6,14.9
Piastow,Poland,24.4,19.5,19.2,17.8,18.0,14.7,14.7
Ponik,Poland,17.2,17.7,12.8,15.2,17.8,15.0,15.1
Poznan,Poland,21.9,22.0,20.4,15.6,19.2,16.8,16.8
Przemysl,Poland,25.7,23.1,20.9,18.0,14.6,10.8,10.9
Radom,Poland,25.9,27.1,18.7,19.5,19.6,14.8,14.8
Rymanow-Zdroj,Poland,18.2,14.6,15.8,11.7,10.4,9.0,9.1
Siedlce,Poland,22.2,22.0,16.3,15.7,14.8,15.5,15.7
Szczecin,Poland,19.2,18.6,15.6,13.0,13.4,12.6,12.6
Tarnow,Poland,27.4,23.3,22.5,20.3,21.4,17.4,17.5
Torun,Poland,19.3,19.4,19.1,14.5,19.2,16.8,16.8
Warsaw,Poland,26.7,24.2,17.3,16.7,18.2,15.3,15.3
Wroclaw,Poland,21.9,22.9,18.7,17.1,19.9,18.7,18.6
Zgierz,Poland,19.2,21.9,27.0,24.5,20.7,15.3,13.8
Zielona Gora,Poland,15.3,16.9,13.8,10.6,11.7,10.8,10.7
Zyrardow,Poland,23.8,26.6,17.8,16.7,20.2,17.0,17.1
Alandroal,Portugal,13.3,7.1,5.3,4.8,4.9,6.4,6.5
Alcoutim,Portugal,7.9,8.5,7.7,5.7,2.7,3.3,3.6
Almada,Portugal,14.8,13.5,9.6,9.0,8.1,6.9,6.9
Faro,Portugal,9.8,8.5,10.5,7.5,3.7,3.8,3.8
Funchal,Portugal,5.6,5.2,6.0,5.9,5.2,6.3,6.3
Lisbon,Portugal,14.1,11.7,9.4,9.1,8.2,7.5,7.5
Palmela,Portugal,13.5,9.3,11.0,7.5,5.4,6.3,6.3
Santana,Portugal,5.8,3.4,4.2,4.7,3.7,3.8,3.8
Sines,Portugal,4.9,5.9,6.8,6.2,6.8,9.4,10.4
Krasnoyarsk,Russia,16.4,23.1,17.7,14.7,49.8,51.7,52.1
Moscow,Russia,8.4,10.1,10.0,10.5,11.9,10.8,10.8
Vladivostok,Russia,16.2,13.5,12.6,3.6,3.4,3.6,3.2
Belgrade,Serbia,24.5,23.9,23.3,24.3,23.4,22.1,22.0
Singapore,Singapore,13.3,14.8,19.0,11.8,13.8,13.3,13.3
Banska Bystrica,Slovakia,19.7,17.6,15.3,15.8,16.5,12.3,12.3
Bratislava,Slovakia,14.9,17.2,13.6,14.2,13.8,13.4,13.4
Hnusta,Slovakia,19.0,18.9,16.2,14.0,16.0,14.4,14.5
Jelsava,Slovakia,26.7,24.3,21.4,19.0,23.7,21.3,21.3
Kosice,Slovakia,21.2,17.6,19.4,17.0,19.2,17.1,17.1
Martin,Slovakia,22.1,18.0,16.1,15.7,20.6,17.3,17.4
Nitra,Slovakia,17.0,17.6,15.1,14.1,15.1,10.1,10.3
Presov,Slovakia,24.3,20.2,18.3,16.1,18.6,17.1,17.0
Ruzomberok,Slovakia,24.4,20.7,18.5,19.6,18.3,17.3,17.0
Trencin,Slovakia,13.2,19.8,17.9,15.6,15.1,14.1,14.0
Trnava,Slovakia,16.8,20.5,16.7,16.3,15.8,13.4,13.5
Vranov nad Toplou,Slovakia,19.7,18.7,16.2,14.4,16.6,15.1,14.5
Ansan,South Korea,26.2,24.2,24.0,19.9,19.8,17.8,17.8
Anyang,South Korea,23.7,27.1,25.4,21.9,19.7,19.8,19.9
Asan,South Korea,26.8,26.0,31.0,25.1,27.4,28.3,28.3
Bucheon,South Korea,25.6,27.3,30.8,20.9,21.9,17.4,17.5
Cheonan,South Korea,27.7,25.4,29.4,23.9,28.1,30.3,30.4
Gimcheon,South Korea,25.8,24.8,25.3,17.8,16.9,14.7,14.7
Gimhae,South Korea,19.8,20.2,20.8,16.9,15.1,15.3,14.9
Gimpo,South Korea,28.4,24.0,26.6,20.9,22.4,20.1,20.2
Goyang,South Korea,26.7,25.2,24.9,20.2,20.7,19.1,19.1
Gumi,South Korea,22.9,25.2,20.3,18.5,17.7,16.3,16.3
Gunsan,South Korea,24.9,25.6,27.0,20.3,19.6,19.7,19.8
Guri,South Korea,29.6,24.3,26.6,19.8,19.2,18.4,18.4
Gwacheon,South Korea,24.2,23.2,26.1,21.5,18.9,18.8,18.8
Gwangju,South Korea,29.6,27.8,26.25,17.8,19.5,20.5,20.55
Gyeongsan,South Korea,24.9,25.4,25.0,21.0,19.4,16.7,16.5
Hwaseong,South Korea,25.4,26.7,29.1,22.5,21.8,21.0,21.0
Osan,South Korea,28.8,27.8,28.2,22.8,23.0,22.6,22.6
Pohang,South Korea,20.8,23.6,18.5,15.7,15.9,15.6,16.0
Pyeongtaek,South Korea,33.1,29.5,29.4,21.7,22.8,23.2,23.2
Sejong,South Korea,19.2,21.9,26.5,21.6,19.3,18.8,18.7
Seongnam,South Korea,25.6,23.8,23.8,19.8,18.8,17.7,17.8
Seosan,South Korea,19.8,18.7,21.5,18.9,25.4,25.8,25.9
Seoul,South Korea,25.2,23.3,24.8,20.9,19.7,18.3,18.3
Siheung,South Korea,26.6,28.7,30.6,20.0,22.2,20.5,20.6
Suwon,South Korea,25.8,23.6,25.5,21.0,19.5,18.2,18.2
Wonju,South Korea,31.4,29.6,27.7,18.4,17.4,17.8,17.9
Yeongju,South Korea,26.9,28.1,26.9,20.7,19.5,16.9,16.9
Yongin,South Korea,28.1,24.8,25.2,21.4,20.5,19.6,19.6
A Coruna,Spain,13.7,13.5,12.0,14.0,12.5,11.3,11.4
Alacant,Spain,9.7,4.4,6.5,6.7,5.0,4.5,4.5
Albalat dels Tarongers,Spain,5.1,4.7,4.6,5.1,3.2,3.1,3.2
Algar de Palancia,Spain,5.2,6.2,6.0,5.2,4.2,3.7,3.6
Algete,Spain,10.8,12.3,13.2,10.5,9.9,10.6,10.6
Almassora,Spain,7.4,8.7,7.4,5.5,7.1,6.7,6.7
Arucas,Spain,11.4,7.8,7.8,22.8,8.2,8.9,8.9
Beasain,Spain,8.5,9.5,10.2,9.8,8.9,11.7,11.8
Benicasim,Spain,5.0,6.6,7.1,4.9,4.4,4.9,5.0
Bilbo,Spain,10.2,9.7,9.7,9.2,10.1,11.0,11.0
Borriana,Spain,6.7,5.4,5.1,4.8,5.1,5.3,5.3
Castello de la Plana,Spain,9.9,7.4,7.2,7.9,5.6,4.0,4.0
Caudete de las Fuentes,Spain,7.7,5.7,6.1,5.9,6.9,4.8,4.8
Collado Villalba,Spain,10.3,9.0,10.2,12.3,11.1,10.2,10.2
Donostia,Spain,8.8,9.6,8.9,8.0,8.9,8.6,8.6
Durango,Spain,9.8,8.3,7.7,6.9,10.6,9.7,9.4
Elda,Spain,10.9,10.1,9.7,9.2,8.3,8.0,8.0
Ferrol,Spain,8.7,8.1,7.8,7.4,7.5,6.8,6.8
Gijon,Spain,10.6,9.9,11.2,9.8,10.2,10.9,10.9
L'Alcora,Spain,8.0,8.6,6.9,6.6,5.4,5.0,5.0
Lalastra,Spain,5.3,5.5,6.3,5.8,4.1,5.6,5.8
Langreo,Spain,16.5,12.1,12.4,10.6,9.5,10.3,10.3
Laza,Spain,7.5,6.2,5.9,5.8,5.6,6.8,6.7
Lugo,Spain,10.6,9.2,9.2,9.4,10.5,10.3,10.2
Lugones,Spain,15.5,12.1,13.5,12.8,11.6,11.4,11.3
Madrid,Spain,9.9,10.0,9.2,9.0,9.4,9.5,9.4
Mimetiz,Spain,8.0,8.0,7.7,7.2,8.9,10.8,10.7
Ourense,Spain,12.1,9.5,9.9,8.2,9.8,9.8,10.1
Patones,Spain,8.4,7.0,7.2,6.9,6.8,6.6,6.5
Pontecesures,Spain,12.1,11.4,11.3,8.7,9.2,8.9,9.0
Puerto del Rosario,Spain,7.7,10.5,7.8,8.1,10.0,10.5,10.5
Quart de Poblet,Spain,9.4,12.6,13.2,11.2,10.2,10.3,10.3
Sagunt,Spain,7.0,6.7,5.0,9.2,8.6,6.7,6.7
Salinas,Spain,8.6,7.9,7.5,7.5,8.4,7.1,7.2
Santa Cruz de Tenerife,Spain,8.0,6.9,7.4,11.2,8.6,12.4,12.4
Santiago de Compostela,Spain,12.7,10.3,8.7,9.0,8.7,8.2,8.2
Telde,Spain,8.4,5.4,7.8,8.5,7.6,8.0,8.0
Valencia,Spain,11.5,14.5,13.3,10.2,8.8,10.8,10.9
Valladolid,Spain,11.2,10.1,10.8,9.7,10.6,11.2,11.2
Vigo,Spain,13.4,11.0,10.5,9.4,11.0,9.6,9.6
Villa del Prado,Spain,9.4,10.8,11.1,10.8,10.3,8.9,8.9
Villar del Arzobispo,Spain,8.1,8.2,9.2,9.4,7.1,5.0,5.1
Villarejo de Salvanes,Spain,11.5,9.8,10.8,11.7,11.8,11.0,11.0
Vitoria-Gasteiz,Spain,8.9,8.6,8.1,7.8,8.3,9.9,9.9
Viver,Spain,7.4,6.3,5.7,6.3,6.8,6.4,6.4
Zorita del Maestrazgo,Spain,6.9,6.6,6.0,7.9,6.3,6.5,6.6
Stockholm,Sweden,4.4,6.6,6.1,5.1,6.0,6.8,6.8
Sundsvall,Sweden,5.4,6.3,6.4,5.4,5.2,5.7,6.2
Uppsala,Sweden,4.6,6.7,5.5,4.4,5.0,4.6,4.6
Bern,Switzerland,13.5,12.8,10.9,9.4,9.8,10.5,10.5
Binningen,Switzerland,9.8,10.8,10.5,10.1,9.5,9.4,9.4
Dubendorf,Switzerland,9.6,10.4,13.7,14.0,10.4,9.0,8.9
Kussnacht,Switzerland,5.0,6.1,6.3,5.7,4.6,5.5,5.2
Payerne,Switzerland,8.5,8.5,8.2,7.5,7.5,8.1,8.0
Zurich,Switzerland,10.4,11.2,10.9,8.9,11.3,10.4,10.3
Changhua,Taiwan,22.8,21.8,19.3,15.8,18.2,16.1,16.1
Chiayi city,Taiwan,24.1,23.7,21.5,17.9,20.2,17.0,17.0
Hualien,Taiwan,11.9,8.8,9.4,8.7,8.9,7.6,7.6
Kaohsiung,Taiwan,27.7,24.4,22.7,19.8,21.6,19.4,19.4
Keelung,Taiwan,15.7,13.5,12.6,13.5,13.5,10.7,10.7
Miaoli,Taiwan,19.1,19.6,16.6,13.4,14.7,10.9,10.9
Nantou,Taiwan,26.5,22.9,20.3,17.9,19.3,14.6,14.6
New Taipei,Taiwan,16.9,15.2,14.1,12.9,12.9,10.3,10.3
Penghu,Taiwan,15.7,14.3,13.1,12.3,13.7,10.9,10.8
Pingtung,Taiwan,23.3,21.5,19.9,17.5,18.1,17.8,17.9
Taichung,Taiwan,20.3,19.2,18.0,15.5,17.1,12.9,13.0
Tainan,Taiwan,24.9,23.9,22.6,18.4,20.1,17.8,17.9
Taipei,Taiwan,15.8,14.9,13.9,12.6,13.0,9.9,9.9
Taitung,Taiwan,9.3,9.3,8.7,7.3,7.8,5.8,5.8
Taoyuan,Taiwan,17.5,17.9,16.0,13.8,14.5,11.6,11.6
Yilan,Taiwan,12.7,11.8,11.0,9.7,10.0,7.3,7.2
Yunlin,Taiwan,26.6,23.9,20.5,17.0,18.5,14.0,13.9
Bangkok,Thailand,27.6,25.2,22.8,20.6,20.0,18.0,18.1
Chiang Mai,Thailand,22.7,24.5,32.3,30.5,24.9,18.4,18.5
Narathiwat,Thailand,8.6,15.2,17.5,14.3,13.7,14.5,13.9
Ratchaburi,Thailand,22.4,32.2,29.5,22.8,21.6,16.4,16.4
Rayong,Thailand,19.9,21.2,17.5,17.1,17.4,13.4,13.5
Samut Prakan,Thailand,33.2,32.2,22.9,20.9,21.1,18.1,18.2
Samut Sakhon,Thailand,26.9,39.8,24.1,23.0,23.3,23.9,24.1
Si Maha Phot,Thailand,30.1,30.9,24.8,23.5,25.0,23.5,23.1
Yala,Thailand,17.0,19.0,20.9,16.2,14.0,15.8,15.2
Aberdeen,USA,9.9,5.7,5.0,5.0,6.1,6.050000000000001,6.0
Akron,USA,8.8,9.0,11.3,10.6,11.5,8.8,8.6
Alameda,USA,9.5,10.3,8.3,12.6,9.2,9.6,9.6
Albany,USA,7.15,7.3,7.0,10.0,7.666666666666667,7.566666666666666,7.566666666666666
Albuquerque,USA,5.7,5.6,6.1,6.9,6.5,4.2,4.2
Alexandria,USA,6.8,6.6,7.5,6.9,9.85,9.25,9.25
Allen Park,USA,8.8,9.1,8.4,8.7,10.9,8.8,8.6
Allentown,USA,9.0,9.3,8.4,8.3,10.0,8.3,8.3
Alpine,USA,7.4,7.6,5.7,7.5,9.75,6.35,6.35
Alsip,USA,9.0,9.0,10.6,7.8,10.0,8.8,8.8
Altoona,USA,8.8,7.9,9.3,7.8,8.6,8.1,8.1
Amarillo,USA,5.5,6.0,5.5,6.1,6.3,6.3,6.3
Anacortes,USA,6.0,4.6,3.8,7.6,4.7,6.0,6.0
Anaheim,USA,13.6,12.0,9.1,12.4,13.4,11.0,10.9
Anchorage,USA,6.5,5.9,8.1,5.1,4.7,3.3,3.4
Anderson,USA,16.15,18.3,10.533333333333331,11.366666666666667,12.6,8.5,8.5
Apollo Beach,USA,9.1,8.3,8.3,8.3,8.4,8.4,8.4
Apple Valley,USA,7.5,7.4,7.0,8.85,7.3,6.0,5.95
Appleton,USA,6.0,6.6,8.2,7.4,9.3,7.6,7.5
Arnold,USA,8.6,7.6,7.4,12.75,10.4,7.85,7.85
Arroyo Grande,USA,10.3,9.6,5.5,8.3,7.2,6.0,6.0
Asheville,USA,7.5,6.7,10.2,8.2,9.6,7.2,7.2
Ashland,USA,9.85,11.35,6.599999999999999,8.4,10.5,7.525,7.525
Atascadero,USA,6.4,7.2,5.4,11.2,7.3,6.9,6.9
Athens,USA,8.95,8.25,10.05,8.45,11.849999999999998,9.925,10.0
Atlanta,USA,11.3,10.6,11.9,10.0,13.3,12.1,12.1
Auburn,USA,9.9,12.1,5.9,14.2,9.9,9.25,9.3
Austin,USA,8.0,8.7,9.9,9.3,10.7,9.1,9.1
Awendaw,USA,7.9,6.1,6.4,6.2,6.4,7.1,7.0
Baker City,USA,8.9,8.3,6.5,7.7,6.9,6.9,7.1
Bakersfield,USA,16.2,15.9,11.3,20.7,16.8,13.6,13.7
Baltimore,USA,8.5,8.5,11.2,9.9,11.5,10.7,10.7
Bangor,USA,5.5,5.3,4.9,4.7,4.8,5.0,5.0
Banning,USA,12.0,11.0,9.6,9.9,9.7,7.4,7.3
Bar Harbor,USA,4.4,4.1,4.1,3.2,6.9,6.9,7.1
Baraboo,USA,5.9,6.9,7.6,7.4,8.4,7.3,7.3
Baton Rouge,USA,9.9,10.0,10.4,8.7,8.8,8.7,8.7
Bay City,USA,7.1,7.2,7.0,5.6,6.6,6.5,6.5
Beaver Falls,USA,11.0,10.8,9.5,8.6,11.0,9.9,9.9
Beaverton,USA,6.2,6.5,6.9,10.7,6.6,9.0,9.0
Belle Glade,USA,10.2,8.2,7.0,6.5,7.1,6.5,6.5
Bellevue,USA,9.5,7.25,6.95,7.8,6.95,7.649999999999999,7.649999999999999
Bellingham,USA,10.2,5.5,6.6,6.85,6.6,6.9,6.85
Belton,USA,7.2,6.6,6.5,6.3,7.0,6.0,6.0
Beltsville,USA,7.6,6.8,7.3,5.9,6.6,5.6,5.6
Bend,USA,10.0,8.4,5.8,13.6,11.3,7.4,7.4
Bennington,USA,5.7,6.1,5.8,5.6,6.6,5.5,5.5
Beulah,USA,6.6,6.7,5.0,4.8,10.4,5.6,5.6
Billings,USA,8.7,8.7,6.5,7.1,10.4,6.5,6.5
Birmingham,USA,10.2,9.8,11.5,9.9,11.9,10.6,10.7
Bishop,USA,6.5,8.4,4.5,12.5,9.2,2.8,2.8
Blaine,USA,8.0,8.3,8.8,8.1,8.15,7.4,7.4
Bonifay,USA,9.1,8.1,9.3,9.4,9.1,9.3,9.4
Boston,USA,8.4,10.1,7.5,7.2,8.0,7.0,6.9
Boulder,USA,7.1,7.9,7.1,9.1,9.4,4.1,4.1
Bountiful,USA,9.3,7.4,4.7,9.7,9.8,5.7,5.7
Bozeman,USA,9.0,7.3,7.2,7.6,11.3,6.5,6.5
Brainerd,USA,5.7,5.7,5.0,4.7,6.0,5.7,5.7
Bremerton,USA,6.6,5.1,5.9,7.3,5.6,8.1,8.1
Bridgeport,USA,7.3,8.0,7.8,8.1,10.833333333333334,8.566666666666665,8.700000000000001
Brigham City,USA,7.7,8.7,6.6,8.5,10.2,6.3,6.3
Broadus,USA,10.7,7.8,6.4,8.6,9.9,6.3,6.3
Brockton,USA,7.1,7.0,7.1,7.8,8.5,7.8,7.8
Brownell,USA,4.8,5.6,6.0,6.0,8.0,7.2,7.2
Bryson City,USA,8.1,7.8,8.6,6.0,9.3,5.3,5.3
Buffalo,USA,7.6,7.7,7.0,7.0,9.3,7.9,7.9
Burgettstown,USA,8.5,7.3,8.9,8.1,10.9,7.5,7.5
Burlington,USA,5.3,6.6,6.5,7.9,8.966666666666667,8.533333333333333,7.8
Burns,USA,10.8,10.1,7.7,11.6,11.8,8.9,8.9
Butte,USA,13.6,6.8,7.2,8.4,11.2,8.9,8.9
Calexico,USA,13.6,12.9,8.9,13.9,10.8,11.0,11.0
Cambridge,USA,8.4,6.2,7.1,6.050000000000001,7.0,6.85,6.8
Camden,USA,11.6,10.6,11.0,9.3,11.9,10.8,10.8
Candor,USA,6.5,6.7,7.6,7.1,7.9,7.6,7.5
Canton,USA,9.7,8.0,8.65,8.15,9.4,7.899999999999999,7.774999999999999
Carlisle,USA,9.5,9.5,11.1,10.0,10.95,9.4,9.4
Carmel Valley,USA,5.6,6.4,4.4,8.4,5.9,4.0,4.0
Carson city,USA,6.8,7.4,4.9,9.6,18.6,6.7,6.7
Cary,USA,8.0,9.0,11.15,8.9,10.45,9.4,9.4
Cave Junction,USA,12.0,13.3,7.5,15.3,8.9,9.7,9.7
Cedar Rapids,USA,7.4,8.4,7.9,8.9,12.2,9.8,9.8
Champaign,USA,9.1,8.6,9.9,9.4,10.5,8.7,8.7
Charleroi,USA,10.6,8.7,7.4,5.9,9.1,9.6,9.6
Charleston,USA,7.7,7.5,9.1,7.5,9.25,8.25,7.8
Charlotte,USA,8.7,8.3,12.2,9.5,11.5,10.2,10.2
Chattanooga,USA,8.9,8.6,12.4,10.8,12.6,12.0,12.0
Chelan,USA,7.1,11.6,5.4,9.8,8.3,9.0,9.0
Chester,USA,9.5,11.7,12.85,11.233333333333333,17.766666666666666,9.9,9.933333333333334
Chicago,USA,6.7,9.4,12.8,11.1,13.4,10.4,10.35
Chico,USA,12.8,17.6,7.0,16.8,12.9,8.9,8.9
Cicero,USA,9.3,9.6,11.3,8.0,8.7,8.6,8.6
Cincinnati,USA,9.7,10.4,11.2,10.1,11.7,9.9,10.0
Clear Brook,USA,6.8,6.8,7.9,7.2,9.1,8.3,8.3
Cleveland,USA,8.9,9.2,11.2,10.5,10.7,9.25,9.8
Cleves,USA,9.7,8.6,8.0,7.6,8.6,13.4,13.5
Colfax,USA,6.6,11.3,6.1,13.5,11.7,10.25,10.25
Columbia,USA,8.75,8.1,6.925,7.133333333333333,9.275,7.325000000000001,7.325000000000001
Columbia Falls,USA,11.0,10.5,7.0,7.5,8.9,8.7,8.7
Columbus,USA,6.4,7.15,9.5,10.8,11.933333333333332,11.2,11.133333333333333
Colusa,USA,8.8,12.2,7.4,15.9,12.9,7.2,7.4
Colville,USA,19.1,13.3,8.3,13.4,14.0,8.2,8.2
Concord,USA,12.4,13.3,6.5,11.7,9.2,7.8,7.8
Conroe,USA,8.6,8.5,10.2,10.5,11.1,10.7,10.7
Corpus Christi,USA,8.7,9.4,8.8,7.9,8.7,8.6,8.6
Corsicana,USA,8.1,7.8,6.9,7.8,7.5,6.7,8.5
Corvallis,USA,6.2,5.9,5.8,10.4,5.0,7.8,7.300000000000001
Cottage Grove,USA,11.0,8.4,9.9,17.1,7.2,11.0,11.0
Crandon,USA,4.8,4.9,5.9,5.7,6.5,5.1,5.0
Crystal River,USA,9.7,8.3,8.2,8.7,8.6,8.4,8.4
Danbury,USA,7.8,8.0,7.8,8.0,8.0,8.0,8.0
Darrington,USA,9.5,7.1,7.2,8.7,8.2,16.0,15.9
Davenport,USA,10.4,10.4,9.5,10.8,12.4,8.299999999999999,8.233333333333333
Davis,USA,9.1,11.2,7.7,15.1,10.6,8.2,8.2
Dayton,USA,7.35,6.949999999999999,7.15,10.4,10.175,7.574999999999999,7.5
Dearborn,USA,10.0,9.9,9.5,9.1,10.0,10.9,10.9
Decatur,USA,8.633333333333333,9.1,9.066666666666668,8.533333333333333,10.65,9.35,9.8
Deer Park,USA,8.0,8.0,7.5,10.6,13.0,8.2,8.15
Denton,USA,8.3,8.1,7.4,8.5,11.2,7.3,7.3
Denver,USA,7.4,8.0,8.2,8.7,9.8,4.9,4.9
Des Moines,USA,8.4,7.4,7.3,7.2,8.9,7.95,7.95
Detroit,USA,9.1,9.4,9.9,9.8,11.35,8.55,8.55
Detroit Lakes,USA,5.7,5.7,5.3,5.0,11.6,5.1,5.1
Duluth,USA,5.5,5.6,5.8,6.3,9.1,5.1,5.1
Durham,USA,8.8,8.5,10.5,8.9,12.65,9.35,9.35
Dyersburg,USA,7.2,7.4,7.0,6.4,8.2,7.7,7.6
East Brunswick,USA,8.6,8.1,8.2,7.8,8.6,7.5,7.5
East Hartford,USA,7.1,7.1,7.0,7.3,7.9,8.5,8.5
Eau Claire,USA,7.0,7.8,8.1,7.7,8.9,7.2,7.2
Edmond,USA,8.9,9.6,9.7,10.0,10.8,9.3,9.3
El Cajon,USA,11.5,10.7,10.3,11.6,10.3,10.4,10.4
El Paso,USA,9.6,11.0,8.8,9.3,7.6,5.6,5.6
Elizabeth,USA,10.4,10.7,10.6,9.6,13.133333333333336,8.066666666666666,8.1
Elizabethtown,USA,9.9,9.7,7.7,7.4,8.4,8.0,8.0
Elk Grove,USA,8.8,12.3,6.2,13.0,11.5,9.9,9.9
Elkton,USA,8.2,8.4,6.6,5.8,8.1,6.7,6.7
Ellensburg,USA,16.1,8.2,6.5,8.8,7.7,10.8,10.8
Ely,USA,4.4,4.2,5.0,5.5,5.9,3.7,3.7
Emmetsburg,USA,8.7,8.6,7.7,6.4,10.4,8.5,8.5
Enterprise,USA,8.6,8.4,6.5,8.7,7.7,15.0,14.4
Erda,USA,6.9,7.6,6.2,7.6,9.8,6.1,6.1
Erie,USA,8.1,8.9,8.25,9.15,10.7,6.8,6.8
Eugene,USA,8.8,7.1,8.8,14.0,6.7,9.2,9.2
Fairbanks,USA,8.5,7.7,10.4,5.0,5.4,9.5,9.5
Fall River,USA,7.2,7.5,7.2,7.5,7.2,6.3,6.3
Farrell,USA,11.9,8.3,8.0,7.4,7.9,7.2,7.2
Fayetteville,USA,9.0,7.3,7.7,7.0,9.333333333333334,7.866666666666667,7.899999999999999
Felton,USA,7.300000000000001,7.15,6.7,9.05,7.899999999999999,6.699999999999999,6.75
Fillmore,USA,8.4,9.9,7.6,9.9,10.4,8.3,8.3
Flemington,USA,8.2,8.1,8.1,7.7,8.0,7.2,7.2
Flint,USA,7.4,8.0,7.9,6.5,7.5,8.1,8.1
Florence,USA,7.5,7.5,6.75,6.65,6.733333333333333,6.824999999999999,6.85
Folsom,USA,7.9,10.2,6.5,14.5,11.7,7.4,7.4
Fort Collins,USA,7.5,7.8,7.9,10.2,9.8,5.4,5.4
Fort Worth,USA,8.1,10.0,8.4,9.3,10.4,9.6,9.5
Freemansburg,USA,12.8,9.8,8.9,8.2,9.3,9.4,9.2
Frenchtown,USA,13.0,10.1,8.6,8.8,10.9,10.9,10.9
Fresno,USA,10.9,14.0,12.0,22.2,16.9,13.8,13.8
Frostburg,USA,6.3,6.1,5.7,4.8,5.7,5.3,5.3
Galloway,USA,8.6,7.1,7.8,7.9,6.7,5.8,5.7
Galveston,USA,9.8,8.8,8.0,8.8,8.1,8.4,8.6
Garden Valley,USA,10.3,8.0,6.75,13.45,13.1,8.75,8.7
Germfask,USA,5.5,5.6,5.3,5.2,6.9,6.1,6.1
Gilroy,USA,7.0,8.6,6.3,10.6,7.4,6.9,6.9
Glendale,USA,7.0,7.2,9.65,11.7,10.55,8.75,8.75
Glendora,USA,11.5,12.9,11.8,14.8,15.0,12.7,12.6
Glenpool,USA,10.1,10.3,8.4,9.0,9.8,8.5,8.5
Goleta,USA,9.5,7.9,6.9,9.2,8.4,6.2,6.2
Gordonville,USA,10.8,9.2,11.0,9.7,13.7,14.5,14.5
Grand Junction,USA,5.5,5.9,4.2,6.9,7.6,4.2,4.2
Grand Rapids,USA,8.2,8.0,8.6,9.2,10.8,10.3,10.3
Grangeville,USA,8.8,6.4,5.8,8.7,9.0,8.3,7.5
Granite City,USA,10.1,11.2,11.8,10.1,13.7,11.6,11.6
Grants Pass,USA,13.7,12.8,8.4,12.7,10.9,11.7,11.7
Grass Valley,USA,3.9,6.8,5.5,13.7,11.4,8.0,8.0
Great Falls,USA,9.3,7.4,6.0,5.9,10.45,7.75,7.75
Greeley,USA,8.7,9.7,9.3,9.6,9.3,6.3,6.4
Green Bay,USA,6.1,6.5,7.8,7.4,8.5,7.4,7.4
Greenfield,USA,5.6,5.9,7.0,8.4,8.25,4.95,4.8
Greensboro,USA,8.1,7.6,9.5,7.5,8.2,7.8,7.8
Greensburg,USA,11.7,7.2,7.3,7.3,11.4,8.2,7.9
Greenville,USA,8.4,7.2,8.533333333333333,7.1000000000000005,12.22,7.880000000000001,7.860000000000001
Gridley,USA,12.3,16.9,10.0,16.9,12.8,9.8,9.7
Groton,USA,5.9,6.0,6.6,6.9,7.2,6.8,6.8
Gulf Breeze,USA,9.2,8.3,8.8,9.2,8.3,8.3,8.3
Gulfport,USA,8.2,8.3,9.2,9.6,8.7,8.9,8.9
Hagerstown,USA,8.4,8.2,7.3,6.8,7.8,6.5,6.5
Hamilton,USA,15.5,6.9,6.3,7.8,11.6,9.9,9.933333333333332
Hampton,USA,8.2,6.3,9.4,8.1,10.0,8.8,8.8
Harriman,USA,8.0,7.1,7.5,6.9,7.7,7.0,7.0
Hartford,USA,8.2,8.1,7.7,7.8,10.15,9.25,9.25
Hattiesburg,USA,8.7,9.6,8.8,9.6,9.6,10.3,10.3
Haverhill,USA,5.8,6.0,6.3,6.2,8.1,7.4,7.4
Hazard,USA,8.9,9.2,8.0,7.3,8.5,8.4,8.4
Healdton,USA,8.2,8.7,7.7,9.4,8.8,7.5,7.5
Helena,USA,9.9,6.7,7.7,6.5,10.4,7.5,7.5
Henderson,USA,7.4,6.1,4.8,6.5,5.7,6.2,6.1000000000000005
Hendersonville,USA,9.0,6.7,10.05,9.55,12.7,10.4,10.45
Hernando,USA,8.5,9.1,8.3,8.2,8.7,9.1,9.1
Hickory,USA,9.1,8.3,8.7,8.0,9.6,8.5,8.4
Hillsboro,USA,7.8,8.1,6.6,9.7,7.1,9.7,9.7
Hilo,USA,8.1,6.0,3.7,3.5,3.2,1.7,1.7
Hollister,USA,5.6,7.3,5.6,9.9,7.4,6.4,6.4
Holtsville,USA,6.5,7.0,6.4,6.3,6.6,5.7,5.8
Honolulu,USA,4.0,3.9,3.6,3.8,3.9,4.0,4.0
Horicon,USA,6.0,7.7,8.1,7.7,8.4,7.4,7.4
Houston,USA,9.0,9.7,10.8,10.4,11.1,9.3,9.1
Huntsville,USA,9.4,9.4,7.1,7.85,9.9,6.85,6.85
Huron,USA,10.3,10.3,5.8,8.7,10.0,7.8,7.8
Hurricane,USA,5.2,6.3,4.0,5.3,5.5,3.3,3.3
Idaho City,USA,10.7,10.6,9.0,11.3,10.0,7.9,7.8
Idaho Falls,USA,7.5,8.1,7.2,7.1,8.3,6.2,6.2
Indianapolis,USA,9.9,10.1,13.4,11.8,12.4,11.3,11.3
Iowa City,USA,8.2,8.6,9.6,9.7,11.0,9.2,9.2
Jackson,USA,9.3,9.6,6.533333333333334,10.633333333333333,10.65,7.6,7.625000000000001
Jacksonville,USA,5.2,7.2,9.15,12.95,11.666666666666666,9.7,9.633333333333333
Jean,USA,5.1,4.3,4.1,5.4,5.0,6.9,6.4
John Day,USA,11.1,10.6,8.9,10.8,8.8,7.6,7.9
Kahului,USA,4.8,3.7,4.3,4.5,4.5,4.4,4.4
Kalamazoo,USA,8.1,8.0,7.6,8.3,12.0,8.9,9.0
Kamiah,USA,10.9,8.5,7.5,9.0,13.2,11.9,12.0
Kansas City,USA,9.3,9.05,8.65,9.0,10.75,10.3,10.25
Kapolei,USA,4.7,3.5,3.2,4.3,3.4,3.0,3.0
Karnack,USA,8.2,8.1,7.8,7.7,9.3,9.6,9.4
Kaufman,USA,8.1,7.5,8.0,8.1,7.5,7.4,7.4
Kearney,USA,7.3,6.5,6.6,6.2,6.6,5.7,5.7
Keeler,USA,8.1,7.1,4.7,9.4,9.7,4.1,4.1
Keene,USA,5.9,6.1,8.3,8.5,8.8,7.7,7.6
Kenmare,USA,5.6,4.8,4.6,5.2,8.2,6.4,6.4
Kenner,USA,7.9,9.6,8.6,7.7,8.5,9.1,9.1
Kennewick,USA,11.7,8.2,6.5,9.0,9.1,8.5,8.5
Kent,USA,7.9,7.3,6.6,9.4,7.4,11.3,11.3
Keosauqua,USA,8.4,7.5,7.2,7.5,9.1,8.9,8.9
Ketchum,USA,6.3,5.0,4.3,6.3,10.1,5.8,5.8
Kihei,USA,4.8,4.7,5.3,4.2,3.9,1.8,1.8
Kingsport,USA,7.7,7.2,7.5,6.1,9.7,5.1,5.1
Klamath Falls,USA,13.2,18.9,9.1,16.5,21.6,7.7,7.7
Knoxville,USA,9.9,8.8,10.2,9.5,12.2,9.4,9.4
La Crosse,USA,6.8,7.7,7.9,7.7,8.0,7.4,7.4
Lacey,USA,6.5,6.4,6.6,7.8,5.8,9.3,9.3
Lafayette,USA,9.0,8.3,7.65,11.6,10.5,6.633333333333333,6.633333333333333
Lake City,USA,9.2,8.5,9.0,9.3,11.2,8.45,8.55
Lake Elsinore,USA,11.4,7.6,6.1,8.2,7.5,6.5,6.5
Lakeview,USA,9.0,11.3,8.7,10.85,9.8,6.8,6.800000000000001
Lakeville,USA,6.5,7.4,8.2,7.9,9.7,6.4,6.3
Lancaster,USA,10.0,7.75,7.8,8.9,10.0,7.56,7.52
Lansing,USA,7.5,7.3,7.5,7.9,10.05,9.15,9.15
Las Vegas,USA,7.5,7.2,8.2,9.3,8.8,5.4,5.2
Lawton,USA,7.1,7.1,8.6,8.2,8.7,7.3,7.3
Lebanon,USA,10.8,8.9,9.525000000000002,8.05,9.3,8.425,8.4
Lebec,USA,8.6,8.4,5.6,10.6,7.9,5.1,5.0
Lewiston,USA,9.9,6.800000000000001,6.6,8.05,16.4,11.033333333333331,10.933333333333332
Lewistown,USA,7.5,6.1,4.7,6.2,7.5,5.3,5.2
Lexington,USA,7.6,9.7,9.25,9.033333333333331,10.4,8.4,8.375
Libby,USA,15.1,14.9,12.2,14.7,15.1,11.8,11.7
Lincoln,USA,11.4,7.5,8.0,10.0,10.3,7.65,7.65
Lindon,USA,7.4,6.7,6.0,8.0,9.1,6.1,6.1
Little Rock,USA,9.6,9.4,9.1,9.1,10.9,9.3,9.2
Littleton,USA,7.9,7.5,6.2,7.0,7.9,3.4,3.4
Livermore,USA,8.9,11.4,6.7,11.5,9.55,5.1,5.0
Lompoc,USA,8.1,6.8,5.9,8.5,6.8,5.2,5.2
Londonderry,USA,5.1,5.3,5.1,6.1,6.5,5.7,5.7
Long Beach,USA,14.6,13.5,12.3,15.1,14.1,12.5,12.5
Longview,USA,8.4,6.8,9.75,12.2,8.649999999999999,8.899999999999999,8.95
Los Angeles,USA,16.1,14.4,12.7,14.6,13.7,10.5,10.5
Louisville,USA,8.8,9.4,9.7,9.1,10.8,5.9,5.9
Lynn,USA,6.1,7.0,6.6,6.0,6.8,7.4,7.4
Madawaska,USA,7.0,7.8,6.3,5.7,12.8,14.8,14.9
Madison,USA,7.5,8.7,10.9,9.55,11.6,9.5,9.5
Madisonville,USA,7.0,6.9,7.3,6.8,6.7,7.1,8.1
Malta,USA,7.0,6.3,5.1,7.5,7.1,5.4,5.3
Marcus Hook,USA,8.8,11.0,8.2,8.5,9.5,8.8,8.8
Marion,USA,9.4,8.7,8.5,8.2,8.7,8.9,8.8
Marshall,USA,5.5,6.1,6.1,5.6,6.9,6.05,6.1
Marysville,USA,8.3,8.2,8.9,9.2,10.85,9.5,9.5
Maryville,USA,8.3,7.5,7.3,6.6,7.8,7.0,7.0
McAlester,USA,8.3,8.9,8.6,8.5,10.2,9.9,10.0
McCall,USA,11.0,7.8,7.4,10.3,12.9,9.1,9.1
McCalla,USA,9.3,9.4,9.7,8.5,8.8,8.3,8.3
McDonough,USA,8.4,7.2,8.1,7.0,7.7,7.0,7.0
McKeesport,USA,11.2,10.0,13.3,11.2,13.4,10.9,10.9
Medford,USA,15.0,14.3,7.699999999999999,10.5,11.8,7.6,7.6
Medina,USA,8.3,7.9,8.6,6.4,9.0,12.9,12.9
Melbourne,USA,8.1,7.2,7.0,8.0,8.2,7.5,7.5
Memphis,USA,7.9,8.1,8.2,8.1,9.0,8.6,8.6
Merced,USA,13.4,15.3,9.8,16.9,13.9,12.0,12.0
Meridian,USA,10.6,7.7,7.9,10.5,11.2,10.0,10.0
Merritt,USA,6.1,6.3,7.9,8.1,8.9,8.7,8.7
Mesa,USA,7.899999999999999,6.6,4.699999999999999,6.2,5.7,4.7,4.65
Midlothian,USA,9.2,9.3,9.2,9.3,11.0,10.1,10.1
Millington,USA,8.7,6.8,6.1,4.8,5.6,6.3,6.4
Millville,USA,8.9,8.8,7.4,12.95,11.95,6.4,6.4
Milwaukee,USA,7.2,8.1,8.5,8.1,9.5,7.8,7.8
Minneapolis,USA,7.7,7.8,8.8,8.4,11.4,8.8,8.7
Mission,USA,9.5,10.3,11.0,10.2,12.6,9.966666666666669,10.233333333333334
Missoula,USA,12.6,8.2,7.4,8.7,11.9,8.9,8.9
Modesto,USA,13.0,15.1,8.1,16.5,14.6,12.5,12.6
Monroe,USA,7.8,6.9,8.25,8.6,10.15,9.54,9.52
Montgomery,USA,13.3,13.5,13.1,13.3,10.9,6.8,6.8
Moore,USA,7.9,10.0,10.1,9.8,10.9,9.7,9.7
Morrisville,USA,8.9,8.1,11.9,9.2,8.2,7.1,7.1
Moscow,USA,7.7,5.4,3.6,9.3,9.9,8.4,8.3
Mount Vernon,USA,4.4,3.8,8.1,8.4,7.899999999999999,7.95,7.9
Mountain View,USA,4.3,6.2,5.25,10.4,5.800000000000001,5.6,5.65
Muscatine,USA,9.7,10.0,7.9,7.6,8.4,9.0,9.0
Nampa,USA,11.2,8.6,6.7,10.2,13.2,12.0,12.0
Napa,USA,13.8,9.9,6.3,11.2,7.6,6.6,6.6
Naples,USA,8.6,8.2,7.75,7.65,8.05,6.3,6.25
Narragansett,USA,5.1,5.4,4.7,4.3,5.6,3.9,3.8
New Haven,USA,8.0,7.4,8.0,7.9,8.85,8.25,8.25
New Orleans,USA,9.5,9.4,10.2,9.0,9.2,8.3,8.3
New Salem,USA,6.4,6.3,4.9,5.0,8.7,7.6,7.6
Newark,USA,8.7,8.9,8.8,10.7,12.525,10.9,10.9
Newburgh,USA,6.6,6.8,6.7,6.7,7.8,6.4,6.4
Nipomo,USA,9.7,8.4,6.2,9.1,7.4,7.1,7.1
Normal,USA,9.6,9.8,10.1,8.7,10.7,9.8,9.8
North Bend,USA,5.0,4.7,4.8,8.7,5.8,8.6,8.6
Northbrook,USA,8.8,9.1,8.8,7.3,9.3,8.1,8.1
Oakland,USA,11.4,13.5,7.0,10.7,8.0,7.8,7.8
Oakridge,USA,17.5,10.5,9.7,13.3,15.9,33.5,33.2
Ocean View,USA,11.6,11.7,3.0,3.2,4.6,5.2,5.2
Oceanside,USA,11.0,10.3,6.9,10.2,10.0,8.2,8.2
Odessa,USA,6.9,7.9,7.8,7.6,7.6,7.6,7.6
Ogden,USA,7.6,9.2,5.6,7.85,9.25,6.75,6.550000000000001
Ojai,USA,12.7,10.4,6.0,8.2,8.4,6.2,6.2
Olathe,USA,5.8,7.5,6.4,8.0,9.4,9.0,9.0
Omaha,USA,9.6,8.5,9.1,9.5,11.3,7.3,7.3
Omak,USA,11.6,12.7,8.7,11.9,13.1,8.5,8.7
Orange,USA,8.7,10.5,8.4,9.65,9.3,9.7,9.55
Owensboro,USA,10.7,9.0,8.7,8.0,10.3,8.6,8.6
Oxnard,USA,9.5,8.7,7.2,9.3,10.5,8.6,8.5
Palm Harbor,USA,9.3,8.0,8.8,9.0,8.4,8.2,8.2
Panama City,USA,9.0,8.6,8.8,10.0,8.7,8.9,8.9
Paradise,USA,6.8,17.9,5.15,10.05,12.8,4.7,4.55
Pendleton,USA,9.9,8.9,8.2,12.1,7.9,8.1,8.1
Peoria,USA,9.9,9.6,8.6,8.2,7.8,6.949999999999999,6.949999999999999
Peterborough,USA,3.8,4.1,4.0,4.0,5.9,4.4,4.4
Philadelphia,USA,9.6,9.3,10.5,9.5,11.5,9.1,9.1
Phoenix,USA,8.4,8.6,7.75,11.6,13.2,8.55,8.5
Pierre,USA,4.1,4.5,10.9,11.0,6.4,5.2,4.8
Pikeville,USA,9.1,7.3,7.0,6.6,7.7,6.9,6.9
Pinehurst,USA,14.8,12.7,9.1,11.8,10.9,9.8,9.4
Pittsburgh,USA,10.0,10.1,12.2,10.1,12.5,9.8,9.8
Pleasant Prairie,USA,6.8,7.4,7.6,6.7,8.4,7.6,7.7
Plymouth Meeting,USA,8.8,7.8,7.8,7.5,9.5,7.8,7.8
Pocatello,USA,6.4,6.6,5.7,6.9,8.1,6.3,6.3
Pomona,USA,5.8,6.0,10.2,11.2,10.9,9.2,9.15
Ponca City,USA,8.0,8.1,8.3,9.3,11.2,8.5,8.5
Port Angeles,USA,13.6,10.0,8.1,10.4,7.7,7.2,7.2
Port Arthur,USA,8.9,10.2,8.7,9.0,7.8,8.5,8.5
Port Huron,USA,8.2,7.8,7.5,7.4,9.2,8.4,8.5
Porterville,USA,15.3,16.8,11.0,17.6,18.3,11.6,11.6
Portland,USA,7.15,6.95,8.399999999999999,9.35,7.6,7.800000000000001,7.800000000000001
Portola,USA,19.1,20.4,16.9,21.3,22.1,7.6,7.6
Portsmouth,USA,6.1,6.0,6.1,6.8,7.4,6.2,6.1
Potosi,USA,7.1,8.3,8.7,8.4,9.2,7.9,7.9
Presque Isle,USA,5.8,5.2,4.8,4.9,6.9,7.6,7.6
Prineville,USA,11.5,9.7,7.6,11.2,10.1,6.9,7.0
Providence,USA,7.3,7.9,8.0,7.7,8.6,8.35,8.35
Puyallup,USA,7.2,8.1,9.0,11.0,7.6,11.4,11.3
Quincy,USA,13.3,9.85,6.25,25.4,11.333333333333334,7.900000000000001,7.899999999999999
Rahway,USA,8.1,7.5,7.5,7.6,8.2,7.7,7.8
Raleigh,USA,9.4,9.8,11.3,9.8,12.2,10.4,10.4
Rapid City,USA,8.5,7.2,8.0,7.9,8.8,6.2,6.2
Red Bluff,USA,7.0,11.1,6.5,14.8,13.6,6.5,6.4
Red Lake,USA,6.1,6.3,6.1,5.9,6.8,4.7,4.7
Redwood City,USA,10.0,11.5,6.3,10.0,7.7,7.3,7.3
Reno,USA,8.1,8.4,4.2,9.6,14.5,7.0,7.0
Richmond,USA,7.2,7.2,8.95,9.5,9.966666666666669,9.066666666666666,9.066666666666666
Rio Vista,USA,9.8,11.2,7.2,11.5,9.2,9.3,9.3
Riverside,USA,13.8,12.8,13.0,12.95,13.4,10.3,9.8
Rochester,USA,7.2,7.449999999999999,7.649999999999999,7.7,9.7,8.600000000000001,8.65
Roseburg,USA,9.5,8.4,7.3,12.0,7.7,10.8,10.7
Roseville,USA,7.4,11.4,7.6,15.2,14.6,9.15,9.25
Rumford,USA,7.1,6.4,5.4,5.1,12.1,13.9,13.9
Rutland,USA,7.1,7.6,7.6,7.6,7.9,7.2,7.2
Sacramento,USA,11.5,14.7,8.7,16.3,12.0,10.4,10.4
Saint Joseph,USA,8.7,9.0,8.6,7.8,8.4,8.2,8.3
Saint Maries,USA,13.0,10.7,11.2,11.5,10.9,10.4,10.5
Saint Michael,USA,6.9,6.9,5.8,6.3,8.7,6.1,6.2
Saint Paul,USA,7.5,8.2,9.5,9.1,11.7,8.6,8.6
Salem,USA,6.6,7.8,7.2,11.0,6.4,7.15,7.0
Salinas,USA,6.1,6.5,4.5,6.9,6.7,6.2,6.2
Salmon,USA,14.2,9.9,9.3,12.5,12.6,14.3,14.2
San Andreas,USA,12.9,14.6,5.7,12.5,8.7,5.7,5.8
San Antonio,USA,8.1,8.0,9.4,8.9,9.9,8.9,8.9
San Diego,USA,12.8,12.4,9.4,11.7,11.1,8.8,8.8
San Francisco,USA,10.0,12.6,7.1,9.6,8.2,8.1,8.1
San Jose,USA,10.4,12.4,6.4,10.5,8.5,8.3,8.3
San Luis Obispo,USA,8.4,7.6,5.4,9.2,6.3,5.8,5.8
San Pablo,USA,10.9,12.8,7.5,10.5,8.5,10.0,9.9
San Rafael,USA,10.0,11.2,5.7,9.1,7.3,6.5,6.5
Sandpoint,USA,11.1,10.7,6.4,10.2,12.4,11.1,11.1
Santa Cruz,USA,7.5,8.5,6.5,10.1,7.2,7.0,7.0
Santa Maria,USA,7.5,7.1,6.5,9.3,7.7,6.5,6.5
Seabrook,USA,7.2,7.1,7.2,8.1,8.9,10.0,10.0
Seaford,USA,7.5,7.5,8.1,7.2,8.4,6.9,6.9
Seattle,USA,8.5,8.3,7.5,8.0,6.0,9.3,9.3
Sebastopol,USA,8.4,8.6,5.5,8.4,7.0,6.2,6.2
Seeley Lake,USA,27.0,12.0,11.8,14.2,15.5,12.0,12.0
Seiling,USA,6.9,8.1,8.1,7.3,7.8,7.8,7.9
Shady Cove,USA,12.1,13.7,5.1,9.7,14.1,5.9,5.9
Shelton,USA,11.9,9.1,7.6,9.2,5.6,7.6,7.6
Shreveport,USA,7.3,6.6,6.6,7.5,12.3,12.5,12.5
Simi Valley,USA,9.4,8.9,8.9,10.7,11.0,8.6,8.6
Sioux Falls,USA,6.0,5.7,9.2,8.9,12.8,5.7,5.7
Sisters,USA,12.0,7.3,5.7,16.0,8.9,6.8,6.8
Smiths Grove,USA,9.0,9.1,8.0,7.6,9.0,7.4,7.4
Socorro,USA,8.3,7.0,6.9,8.3,7.65,5.3,5.3
South Padre Island,USA,8.4,9.0,9.5,12.1,11.1,10.3,10.2
Sparks,USA,8.4,7.7,5.6,10.7,13.5,7.4,7.4
Spartanburg,USA,8.5,7.8,8.5,8.0,8.7,8.8,8.8
Spokane,USA,10.9,10.6,8.1,11.1,11.6,12.1,12.1
Spokane Valley,USA,13.3,9.7,8.9,10.4,11.1,11.7,11.7
Springdale,USA,9.8,9.3,8.9,8.2,9.7,9.1,8.9
Springfield,USA,9.4,8.766666666666667,8.175,9.875,8.940000000000001,8.58,8.58
Spruce Pine,USA,6.9,5.6,8.4,5.4,6.7,6.3,6.3
Stanton,USA,7.2,7.6,7.0,6.8,8.9,7.2,7.3
State College,USA,9.4,8.7,9.9,7.3,9.6,8.2,8.2
Stilwell,USA,8.1,7.5,6.6,6.3,6.8,7.4,7.3
Stockton,USA,12.5,17.7,9.6,16.1,13.3,12.0,12.1
Stuart,USA,8.0,7.8,7.9,8.3,8.7,8.4,8.4
Sweet Home,USA,8.9,8.2,7.5,13.1,6.9,6.8,6.7
Tacoma,USA,8.2,7.9,7.9,8.3,6.2,9.7,9.7
Tallahassee,USA,9.8,8.5,10.6,9.0,9.1,9.1,9.1
Tampa,USA,9.2,8.6,8.7,8.8,9.2,8.0,8.0
Taos,USA,4.2,6.4,6.9,8.3,7.8,5.4,5.4
Tecumseh,USA,7.7,8.1,9.2,8.8,9.2,8.6,8.5
Tempe,USA,7.7,7.8,5.6,7.1,6.5,4.5,4.5
The Dalles,USA,10.8,8.0,7.6,9.0,6.0,5.4,5.4
Thibodaux,USA,5.9,6.0,10.2,9.5,9.2,9.1,9.1
Thousand Oaks,USA,9.2,9.4,8.2,10.0,9.4,7.1,7.1
Three Rivers,USA,20.4,20.8,9.0,23.1,17.7,9.7,9.65
Toledo,USA,8.0,7.9,7.5,7.7,9.3,12.2,12.2
Tonawanda,USA,7.4,7.4,6.9,6.4,7.4,6.9,6.9
Toppenish,USA,13.1,10.4,10.0,14.9,10.2,8.9,8.9
Tracy,USA,7.7,11.7,6.7,11.4,10.2,8.7,8.7
Tranquillity,USA,9.1,11.3,6.5,12.9,9.8,7.2,7.2
Trenton,USA,8.2,7.5,8.1,7.1,8.7,7.5,7.35
Truckee,USA,14.0,11.8,7.2,11.1,14.2,7.5,7.6
Tucson,USA,7.1,5.4,4.2,5.9,4.8,3.2,3.2
Tulsa,USA,10.3,11.6,11.6,9.7,11.9,10.3,10.3
Turlock,USA,13.1,17.3,12.0,18.0,14.5,12.5,12.6
Twin Falls,USA,9.5,8.4,5.0,7.0,8.6,6.4,6.3
Twisp,USA,18.8,16.6,6.0,7.8,13.6,7.6,7.6
Ukiah,USA,11.0,10.4,6.9,11.3,8.1,5.5,5.5
Underhill,USA,4.0,4.9,4.6,4.5,5.1,4.6,4.6
Upland,USA,17.6,15.8,10.3,13.4,13.2,10.2,10.1
Utica,USA,5.8,5.6,5.5,5.6,6.5,6.2,6.1
Vacaville,USA,8.6,8.7,5.3,11.2,9.3,7.3,7.3
Vallejo,USA,11.9,13.0,7.7,11.5,8.8,8.4,8.4
Vancouver,USA,13.6,8.2,8.3,11.6,6.9,10.4,10.4
Venice,USA,9.1,8.3,7.9,8.3,4.949999999999999,8.649999999999999,8.649999999999999
Ventura,USA,9.6,8.3,9.2,10.2,9.7,7.6,7.5
Vinton,USA,6.7,7.1,7.6,7.1,8.3,7.5,7.5
Virginia,USA,4.6,5.8,4.9,4.6,6.7,4.7,4.7
Visalia,USA,16.8,17.6,12.8,23.5,20.9,16.2,16.3
Waco,USA,6.0,6.9,6.8,7.5,6.8,8.7,8.8
Walla Walla,USA,12.7,7.2,7.8,13.3,8.6,10.6,10.6
Ware,USA,6.0,7.0,6.4,7.1,6.8,6.5,6.5
Waterbury,USA,7.4,8.7,7.8,8.1,8.4,7.050000000000001,6.8
Waterloo,USA,10.5,10.6,8.4,7.6,11.2,8.9,8.8
Watertown,USA,7.8,7.8,7.2,10.7,8.9,7.8,8.0
Waukesha,USA,7.8,9.1,10.2,9.1,10.8,9.1,9.1
Waynesburg,USA,8.2,6.4,8.6,7.1,8.3,6.8,6.7
Wenatchee,USA,11.8,10.8,8.0,12.5,7.0,14.4,14.4
West Greenwich,USA,4.5,5.8,4.5,4.4,5.5,3.8,3.8
Westlake,USA,11.1,11.3,10.7,10.6,12.4,10.15,10.2
White Plains,USA,5.8,5.9,5.8,5.7,6.4,5.7,5.6
Wichita,USA,6.9,6.6,8.3,7.4,11.2,9.5,9.5
Willits,USA,9.1,10.0,7.4,15.9,10.8,6.9,6.9
Willows,USA,8.7,10.4,7.6,15.3,10.7,5.1,5.1
Wilmington,USA,7.075000000000001,6.250000000000001,8.525,8.1,9.025,8.925,8.925
Winchester,USA,10.2,7.4,7.8,9.5,8.9,8.4,8.4
Winston-Salem,USA,7.7,7.2,12.3,9.1,10.5,10.3,10.2
Winter Park,USA,8.9,7.5,7.2,6.9,7.4,5.25,5.25
Winthrop,USA,16.0,11.2,5.3,7.5,15.1,7.4,7.4
Woodland,USA,10.0,12.9,8.1,15.7,9.1,9.15,9.15
Worcester,USA,6.4,7.3,8.4,8.3,9.1,6.0,6.0
Yakima,USA,14.6,11.4,10.4,11.2,13.2,9.3,9.3
Yosemite Valley,USA,13.3,20.4,9.5,18.6,11.9,18.3,17.7
Ypsilanti,USA,8.2,8.1,9.0,9.5,9.6,8.7,8.8
Yuba City,USA,12.6,18.2,9.6,19.4,13.2,10.4,10.4
Yuma,USA,8.6,8.5,7.5,9.0,8.8,3.6,3.6
Kampala,Uganda,54.3,40.8,29.1,26.1,27.6,39.6,41.6
Kyiv,Ukraine,9.8,13.8,16.6,19.2,18.8,9.5,9.5
Aberdeen,United Kingdom,6.0,6.9,7.0,5.3,5.6,5.8,6.0
Birkenhead,United Kingdom,7.3,8.3,8.5,7.2,7.1,7.5,7.6
Birmingham,United Kingdom,10.6,11.8,9.7,7.7,7.9,8.1,8.1
Blackpool,United Kingdom,7.6,8.3,10.3,8.3,8.3,9.2,9.2
Bristol,United Kingdom,9.7,12.0,11.3,10.2,9.7,9.9,9.9
Cambridge,United Kingdom,12.6,12.0,10.9,9.3,10.7,10.0,10.0
Cardiff,United Kingdom,9.2,10.3,11.5,7.6,8.6,10.7,10.7
Chatham,United Kingdom,14.1,15.2,14.0,10.2,8.9,8.4,8.2
Chepstow,United Kingdom,9.8,10.0,12.6,9.5,10.3,10.2,10.2
Chesterfield,United Kingdom,8.8,9.7,9.0,7.3,7.0,7.5,7.5
Chilbolton,United Kingdom,7.5,8.9,8.5,7.7,7.5,7.5,7.4
Coventry,United Kingdom,11.4,12.1,9.3,7.4,7.5,7.4,7.3
Eastbourne,United Kingdom,11.4,12.6,10.8,8.1,7.8,8.8,8.8
Eccles,United Kingdom,10.8,11.0,9.8,8.4,8.9,9.7,9.7
Edinburgh,United Kingdom,6.9,6.2,6.6,4.7,5.2,5.6,5.6
Gateshead,United Kingdom,7.6,7.3,7.1,6.6,6.4,6.9,6.9
Glasgow,United Kingdom,7.5,8.1,7.1,5.2,5.6,5.8,5.8
Greenock,United Kingdom,5.3,6.2,6.7,5.0,5.6,5.8,5.7
Harlington,United Kingdom,9.7,9.5,10.1,8.2,7.9,8.3,8.3
Hatfield,United Kingdom,12.4,11.2,9.5,9.3,9.7,9.7,9.8
Hertford,United Kingdom,14.7,10.2,7.6,10.4,12.2,11.9,11.9
Leeds,United Kingdom,10.0,11.5,12.3,8.5,8.6,9.0,8.9
Leicester,United Kingdom,10.6,10.5,11.4,7.5,7.7,8.5,8.5
London,United Kingdom,12.7,12.0,11.4,9.6,9.8,9.6,9.5
Lower Stoke,United Kingdom,10.0,10.4,11.4,9.6,10.3,10.5,10.5
Luton,United Kingdom,10.1,9.5,9.8,8.5,9.4,8.9,8.9
Manchester,United Kingdom,9.0,10.8,10.5,8.1,9.1,9.3,9.2
Middlesbrough,United Kingdom,8.0,8.9,10.4,7.5,7.9,7.3,7.1
Newcastle upon Tyne,United Kingdom,7.3,9.0,10.2,7.7,8.6,7.5,7.5
Northampton,United Kingdom,10.1,11.1,11.6,10.3,10.3,11.0,10.9
Norwich,United Kingdom,13.8,11.2,10.1,9.0,10.8,10.8,10.8
Nottingham,United Kingdom,11.6,11.0,11.0,8.6,8.3,10.2,10.3
Oxford,United Kingdom,10.9,10.2,9.4,7.5,9.8,9.6,9.6
Plymouth,United Kingdom,9.3,10.1,11.1,9.9,8.0,9.1,9.1
Port Talbot,United Kingdom,10.3,10.8,10.3,9.7,9.2,8.5,8.5
Preston,United Kingdom,8.7,9.3,9.3,7.4,7.5,7.8,7.8
Royal Leamington Spa,United Kingdom,11.0,11.0,9.5,7.1,7.0,7.4,7.4
Saltash,United Kingdom,7.8,8.4,9.7,8.1,6.4,6.1,6.0
Sandy,United Kingdom,12.4,13.8,10.7,11.5,8.6,9.0,8.9
Sheffield,United Kingdom,9.6,12.8,12.7,10.0,9.0,8.6,8.6
Southampton,United Kingdom,11.2,13.4,12.3,8.9,8.6,9.4,9.4
Southend-on-Sea,United Kingdom,12.3,12.4,10.7,8.6,8.9,8.7,8.7
Stanford-le-Hope,United Kingdom,11.1,10.0,11.7,11.7,11.1,11.3,11.9
Stevenage,United Kingdom,10.8,10.5,8.7,9.5,8.0,8.4,8.4
Stockton-on-Tees,United Kingdom,8.5,9.8,8.8,7.5,7.9,7.9,7.9
Stoke-on-Trent,United Kingdom,8.8,9.5,9.6,7.7,8.6,8.6,8.6
Sunderland,United Kingdom,7.4,8.5,10.0,6.6,6.4,7.4,7.4
Swansea,United Kingdom,14.7,12.8,11.2,8.3,11.7,10.5,10.4
Warrington,United Kingdom,9.7,9.0,11.4,8.5,8.0,7.2,7.2
Watford,United Kingdom,10.0,9.2,9.1,8.1,8.2,8.4,8.4
York,United Kingdom,9.5,9.8,9.6,7.9,7.0,7.6,7.6
Hanoi,Vietnam,45.8,40.8,46.9,37.9,36.2,40.1,40.1
Ho Chi Minh City,Vietnam,23.6,26.9,25.3,22.0,19.4,21.2,21.1
